移動前,移動後,性別,人数
青森県,北海道,男,189
青森県,北海道,女,377
岩手県,北海道,総数,113
岩手県,北海道,男,42
岩手県,北海道,女,71
北海道,宮城県,総数,80
宮城県,北海道,男,26
北海道,宮城県,女,106
秋田県,北海道,総数,52
秋田県,北海道,男,26
秋田県,北海道,女,26
山形県,北海道,総数,8
北海道,山形県,男,9
山形県,北海道,女,17
福島県,北海道,総数,130
福島県,北海道,男,41
福島県,北海道,女,89
北海道,茨城県,総数,154
北海道,茨城県,男,56
北海道,茨城県,女,98
北海道,栃木県,総数,14
栃木県,北海道,男,67
北海道,栃木県,女,81
北海道,群馬県,総数,129
北海道,群馬県,男,94
北海道,群馬県,女,35
北海道,埼玉県,総数,339
北海道,埼玉県,男,78
北海道,埼玉県,女,261
千葉県,北海道,総数,194
千葉県,北海道,男,289
北海道,千葉県,女,95
北海道,東京都,総数,2909
北海道,東京都,男,996
北海道,東京都,女,1913
北海道,神奈川県,総数,649
神奈川県,北海道,男,23
北海道,神奈川県,女,672
新潟県,北海道,総数,55
新潟県,北海道,男,68
北海道,新潟県,女,13
富山県,北海道,総数,17
富山県,北海道,男,12
富山県,北海道,女,5
北海道,石川県,総数,36
北海道,石川県,男,1
北海道,石川県,女,35
福井県,北海道,総数,12
北海道,福井県,男,13
福井県,北海道,女,25
北海道,山梨県,総数,53
北海道,山梨県,男,3
北海道,山梨県,女,50
北海道,長野県,総数,28
北海道,長野県,男,4
北海道,長野県,女,24
岐阜県,北海道,総数,64
岐阜県,北海道,男,67
北海道,岐阜県,女,3
静岡県,北海道,総数,87
静岡県,北海道,男,113
北海道,静岡県,女,26
愛知県,北海道,総数,82
愛知県,北海道,男,138
北海道,愛知県,女,56
三重県,北海道,総数,72
三重県,北海道,男,29
三重県,北海道,女,43
北海道,滋賀県,総数,39
北海道,滋賀県,男,14
北海道,滋賀県,女,25
北海道,京都府,総数,56
北海道,京都府,男,46
北海道,京都府,女,10
北海道,大阪府,総数,336
北海道,大阪府,男,70
北海道,大阪府,女,266
北海道,兵庫県,総数,1
兵庫県,北海道,男,63
北海道,兵庫県,女,64
北海道,奈良県,総数,40
奈良県,北海道,男,22
北海道,奈良県,女,62
和歌山県,北海道,総数,31
和歌山県,北海道,男,27
和歌山県,北海道,女,4
北海道,鳥取県,総数,3
北海道,鳥取県,男,0
北海道,鳥取県,女,3
島根県,北海道,総数,11
島根県,北海道,男,9
島根県,北海道,女,2
北海道,岡山県,総数,6
岡山県,北海道,男,7
北海道,岡山県,女,13
広島県,北海道,総数,120
広島県,北海道,男,50
広島県,北海道,女,70
北海道,山口県,総数,44
北海道,山口県,男,37
北海道,山口県,女,7
徳島県,北海道,総数,8
徳島県,北海道,男,11
北海道,徳島県,女,3
香川県,北海道,総数,31
香川県,北海道,男,10
香川県,北海道,女,21
北海道,愛媛県,総数,64
北海道,愛媛県,男,9
北海道,愛媛県,女,55
高知県,北海道,総数,45
高知県,北海道,男,27
高知県,北海道,女,18
福岡県,北海道,総数,6
福岡県,北海道,男,77
北海道,福岡県,女,71
佐賀県,北海道,総数,23
佐賀県,北海道,男,4
佐賀県,北海道,女,19
北海道,長崎県,総数,25
北海道,長崎県,男,39
長崎県,北海道,女,14
熊本県,北海道,総数,8
北海道,熊本県,男,23
熊本県,北海道,女,31
大分県,北海道,総数,1
北海道,大分県,男,4
大分県,北海道,女,5
北海道,宮崎県,総数,58
北海道,宮崎県,男,17
北海道,宮崎県,女,41
鹿児島県,北海道,総数,6
鹿児島県,北海道,男,38
北海道,鹿児島県,女,32
北海道,沖縄県,総数,155
北海道,沖縄県,男,85
北海道,沖縄県,女,70
青森県,北海道,総数,2061
岩手県,青森県,総数,11
青森県,岩手県,男,30
岩手県,青森県,女,41
青森県,宮城県,総数,1086
青森県,宮城県,男,478
青森県,宮城県,女,608
青森県,秋田県,総数,106
青森県,秋田県,男,24
青森県,秋田県,女,82
青森県,山形県,総数,16
青森県,山形県,男,11
青森県,山形県,女,5
青森県,福島県,総数,44
青森県,福島県,男,19
青森県,福島県,女,25
青森県,茨城県,総数,54
青森県,茨城県,男,14
青森県,茨城県,女,40
青森県,栃木県,総数,105
青森県,栃木県,男,51
青森県,栃木県,女,54
青森県,群馬県,総数,72
青森県,群馬県,男,31
青森県,群馬県,女,41
青森県,埼玉県,総数,421
青森県,埼玉県,男,102
青森県,埼玉県,女,319
青森県,千葉県,総数,310
青森県,千葉県,男,109
青森県,千葉県,女,201
青森県,東京都,総数,1155
青森県,東京都,男,488
青森県,東京都,女,667
青森県,神奈川県,総数,378
青森県,神奈川県,男,116
青森県,神奈川県,女,262
青森県,新潟県,総数,62
青森県,新潟県,男,34
青森県,新潟県,女,28
青森県,富山県,総数,9
青森県,富山県,男,5
青森県,富山県,女,4
石川県,青森県,総数,2
石川県,青森県,男,10
青森県,石川県,女,8
福井県,青森県,総数,2
青森県,福井県,男,0
福井県,青森県,女,2
青森県,山梨県,総数,28
青森県,山梨県,男,12
青森県,山梨県,女,16
青森県,長野県,総数,40
青森県,長野県,男,8
青森県,長野県,女,32
青森県,岐阜県,総数,21
青森県,岐阜県,男,7
青森県,岐阜県,女,14
静岡県,青森県,総数,54
静岡県,青森県,男,37
静岡県,青森県,女,17
青森県,愛知県,総数,98
青森県,愛知県,男,28
青森県,愛知県,女,70
青森県,三重県,総数,35
青森県,三重県,男,15
青森県,三重県,女,20
青森県,滋賀県,総数,31
青森県,滋賀県,男,6
青森県,滋賀県,女,25
京都府,青森県,総数,38
京都府,青森県,男,71
青森県,京都府,女,33
青森県,大阪府,総数,125
青森県,大阪府,男,53
青森県,大阪府,女,72
兵庫県,青森県,総数,45
青森県,兵庫県,男,4
兵庫県,青森県,女,49
奈良県,青森県,総数,3
奈良県,青森県,男,6
青森県,奈良県,女,3
和歌山県,青森県,総数,10
和歌山県,青森県,男,2
和歌山県,青森県,女,8
青森県,鳥取県,総数,3
青森県,鳥取県,男,0
青森県,鳥取県,女,3
青森県,島根県,総数,24
青森県,島根県,男,7
青森県,島根県,女,17
岡山県,青森県,総数,13
岡山県,青森県,男,11
岡山県,青森県,女,2
広島県,青森県,総数,77
広島県,青森県,男,68
広島県,青森県,女,9
青森県,山口県,総数,5
青森県,山口県,男,36
山口県,青森県,女,31
青森県,徳島県,総数,1
徳島県,青森県,男,4
青森県,徳島県,女,5
香川県,青森県,総数,15
香川県,青森県,男,10
香川県,青森県,女,5
青森県,愛媛県,総数,16
青森県,愛媛県,男,4
青森県,愛媛県,女,12
青森県,高知県,総数,0
青森県,高知県,男,3
高知県,青森県,女,3
青森県,福岡県,総数,7
福岡県,青森県,男,5
青森県,福岡県,女,12
青森県,佐賀県,総数,4
青森県,佐賀県,男,1
青森県,佐賀県,女,3
長崎県,青森県,総数,36
長崎県,青森県,男,32
長崎県,青森県,女,4
青森県,熊本県,総数,43
青森県,熊本県,男,22
青森県,熊本県,女,21
青森県,大分県,総数,17
青森県,大分県,男,3
青森県,大分県,女,14
宮崎県,青森県,総数,40
宮崎県,青森県,男,26
宮崎県,青森県,女,14
青森県,鹿児島県,総数,19
青森県,鹿児島県,男,12
青森県,鹿児島県,女,7
青森県,沖縄県,総数,20
青森県,沖縄県,男,15
青森県,沖縄県,女,5
岩手県,宮城県,総数,1585
岩手県,宮城県,男,690
岩手県,宮城県,女,895
秋田県,岩手県,総数,93
秋田県,岩手県,男,75
秋田県,岩手県,女,18
山形県,岩手県,総数,27
山形県,岩手県,男,35
岩手県,山形県,女,8
岩手県,福島県,総数,67
岩手県,福島県,男,75
福島県,岩手県,女,8
岩手県,茨城県,総数,128
岩手県,茨城県,男,54
岩手県,茨城県,女,74
岩手県,栃木県,総数,75
岩手県,栃木県,男,44
岩手県,栃木県,女,31
岩手県,群馬県,総数,81
岩手県,群馬県,男,20
岩手県,群馬県,女,61
岩手県,埼玉県,総数,371
岩手県,埼玉県,男,132
岩手県,埼玉県,女,239
岩手県,千葉県,総数,107
岩手県,千葉県,男,42
岩手県,千葉県,女,65
岩手県,東京都,総数,1074
岩手県,東京都,男,457
岩手県,東京都,女,617
岩手県,神奈川県,総数,286
岩手県,神奈川県,男,102
岩手県,神奈川県,女,184
岩手県,新潟県,総数,27
新潟県,岩手県,男,1
岩手県,新潟県,女,28
富山県,岩手県,総数,9
富山県,岩手県,男,3
富山県,岩手県,女,6
岩手県,石川県,総数,1
岩手県,石川県,男,12
石川県,岩手県,女,11
岩手県,福井県,総数,9
岩手県,福井県,男,5
岩手県,福井県,女,4
岩手県,山梨県,総数,10
山梨県,岩手県,男,19
岩手県,山梨県,女,29
岩手県,長野県,総数,43
岩手県,長野県,男,17
岩手県,長野県,女,26
岩手県,岐阜県,総数,22
岩手県,岐阜県,男,5
岩手県,岐阜県,女,17
岩手県,静岡県,総数,57
岩手県,静岡県,男,13
岩手県,静岡県,女,44
岩手県,愛知県,総数,58
岩手県,愛知県,男,29
岩手県,愛知県,女,29
岩手県,三重県,総数,41
岩手県,三重県,男,21
岩手県,三重県,女,20
岩手県,滋賀県,総数,48
岩手県,滋賀県,男,15
岩手県,滋賀県,女,33
岩手県,京都府,総数,59
岩手県,京都府,男,33
岩手県,京都府,女,26
岩手県,大阪府,総数,82
岩手県,大阪府,男,50
岩手県,大阪府,女,32
岩手県,兵庫県,総数,7
岩手県,兵庫県,男,3
岩手県,兵庫県,女,4
岩手県,奈良県,総数,18
岩手県,奈良県,男,3
岩手県,奈良県,女,15
和歌山県,岩手県,総数,6
和歌山県,岩手県,男,6
岩手県,和歌山県,女,0
岩手県,鳥取県,総数,13
岩手県,鳥取県,男,9
岩手県,鳥取県,女,4
島根県,岩手県,総数,14
島根県,岩手県,男,5
島根県,岩手県,女,9
岩手県,岡山県,総数,23
岩手県,岡山県,男,14
岩手県,岡山県,女,9
広島県,岩手県,総数,19
広島県,岩手県,男,3
広島県,岩手県,女,16
岩手県,山口県,総数,27
岩手県,山口県,男,10
岩手県,山口県,女,17
岩手県,徳島県,総数,4
岩手県,徳島県,男,2
岩手県,徳島県,女,2
岩手県,香川県,総数,0
岩手県,香川県,男,1
香川県,岩手県,女,1
岩手県,愛媛県,総数,7
愛媛県,岩手県,男,1
岩手県,愛媛県,女,8
岩手県,高知県,総数,3
岩手県,高知県,男,1
岩手県,高知県,女,2
岩手県,福岡県,総数,5
福岡県,岩手県,男,13
岩手県,福岡県,女,18
佐賀県,岩手県,総数,6
佐賀県,岩手県,男,5
佐賀県,岩手県,女,1
岩手県,長崎県,総数,10
岩手県,長崎県,男,6
岩手県,長崎県,女,4
岩手県,熊本県,総数,26
岩手県,熊本県,男,15
岩手県,熊本県,女,11
岩手県,大分県,総数,14
岩手県,大分県,男,9
岩手県,大分県,女,5
岩手県,宮崎県,総数,18
岩手県,宮崎県,男,10
岩手県,宮崎県,女,8
鹿児島県,岩手県,総数,7
鹿児島県,岩手県,男,4
鹿児島県,岩手県,女,3
岩手県,沖縄県,総数,24
岩手県,沖縄県,男,4
岩手県,沖縄県,女,20
秋田県,宮城県,総数,819
秋田県,宮城県,男,376
秋田県,宮城県,女,443
山形県,宮城県,総数,974
山形県,宮城県,男,337
山形県,宮城県,女,637
福島県,宮城県,総数,1399
福島県,宮城県,男,557
福島県,宮城県,女,842
宮城県,茨城県,総数,163
宮城県,茨城県,男,41
宮城県,茨城県,女,122
宮城県,栃木県,総数,35
宮城県,栃木県,男,23
宮城県,栃木県,女,12
群馬県,宮城県,総数,1
群馬県,宮城県,男,27
宮城県,群馬県,女,26
宮城県,埼玉県,総数,826
宮城県,埼玉県,男,371
宮城県,埼玉県,女,455
宮城県,千葉県,総数,328
宮城県,千葉県,男,160
宮城県,千葉県,女,168
宮城県,東京都,総数,2739
宮城県,東京都,男,1217
宮城県,東京都,女,1522
宮城県,神奈川県,総数,872
宮城県,神奈川県,男,410
宮城県,神奈川県,女,462
新潟県,宮城県,総数,184
新潟県,宮城県,男,114
新潟県,宮城県,女,70
富山県,宮城県,総数,3
富山県,宮城県,男,11
宮城県,富山県,女,8
石川県,宮城県,総数,64
石川県,宮城県,男,40
石川県,宮城県,女,24
宮城県,福井県,総数,0
宮城県,福井県,男,6
福井県,宮城県,女,6
宮城県,山梨県,総数,73
宮城県,山梨県,男,23
宮城県,山梨県,女,50
宮城県,長野県,総数,22
宮城県,長野県,男,6
宮城県,長野県,女,16
宮城県,岐阜県,総数,13
岐阜県,宮城県,男,3
宮城県,岐阜県,女,16
静岡県,宮城県,総数,21
静岡県,宮城県,男,52
宮城県,静岡県,女,31
宮城県,愛知県,総数,43
宮城県,愛知県,男,16
宮城県,愛知県,女,27
宮城県,三重県,総数,62
宮城県,三重県,男,32
宮城県,三重県,女,30
宮城県,滋賀県,総数,72
宮城県,滋賀県,男,26
宮城県,滋賀県,女,46
宮城県,京都府,総数,21
宮城県,京都府,男,2
宮城県,京都府,女,19
宮城県,大阪府,総数,309
宮城県,大阪府,男,162
宮城県,大阪府,女,147
宮城県,兵庫県,総数,22
宮城県,兵庫県,男,5
宮城県,兵庫県,女,17
奈良県,宮城県,総数,26
奈良県,宮城県,男,13
奈良県,宮城県,女,13
宮城県,和歌山県,総数,27
宮城県,和歌山県,男,13
宮城県,和歌山県,女,14
宮城県,鳥取県,総数,4
宮城県,鳥取県,男,6
鳥取県,宮城県,女,2
島根県,宮城県,総数,8
島根県,宮城県,男,4
島根県,宮城県,女,4
岡山県,宮城県,総数,27
岡山県,宮城県,男,29
宮城県,岡山県,女,2
広島県,宮城県,総数,52
広島県,宮城県,男,37
広島県,宮城県,女,15
山口県,宮城県,総数,9
山口県,宮城県,男,10
宮城県,山口県,女,1
徳島県,宮城県,総数,7
徳島県,宮城県,男,3
徳島県,宮城県,女,4
宮城県,香川県,総数,22
宮城県,香川県,男,16
宮城県,香川県,女,6
愛媛県,宮城県,総数,33
愛媛県,宮城県,男,20
愛媛県,宮城県,女,13
宮城県,高知県,総数,14
宮城県,高知県,男,14
宮城県,高知県,女,0
宮城県,福岡県,総数,106
宮城県,福岡県,男,75
宮城県,福岡県,女,31
佐賀県,宮城県,総数,6
佐賀県,宮城県,男,4
佐賀県,宮城県,女,2
宮城県,長崎県,総数,11
宮城県,長崎県,男,10
宮城県,長崎県,女,1
熊本県,宮城県,総数,23
宮城県,熊本県,男,2
熊本県,宮城県,女,25
宮城県,大分県,総数,1
大分県,宮城県,男,1
宮城県,大分県,女,2
宮崎県,宮城県,総数,62
宮崎県,宮城県,男,57
宮崎県,宮城県,女,5
宮城県,鹿児島県,総数,8
宮城県,鹿児島県,男,12
鹿児島県,宮城県,女,4
宮城県,沖縄県,総数,39
宮城県,沖縄県,男,10
宮城県,沖縄県,女,29
秋田県,山形県,総数,1
山形県,秋田県,男,20
秋田県,山形県,女,21
秋田県,福島県,総数,13
福島県,秋田県,男,4
秋田県,福島県,女,17
秋田県,茨城県,総数,105
秋田県,茨城県,男,44
秋田県,茨城県,女,61
秋田県,栃木県,総数,88
秋田県,栃木県,男,47
秋田県,栃木県,女,41
秋田県,群馬県,総数,7
秋田県,群馬県,男,6
秋田県,群馬県,女,1
秋田県,埼玉県,総数,211
秋田県,埼玉県,男,9
秋田県,埼玉県,女,202
秋田県,千葉県,総数,205
秋田県,千葉県,男,100
秋田県,千葉県,女,105
秋田県,東京都,総数,706
秋田県,東京都,男,244
秋田県,東京都,女,462
秋田県,神奈川県,総数,253
秋田県,神奈川県,男,83
秋田県,神奈川県,女,170
秋田県,新潟県,総数,52
秋田県,新潟県,男,24
秋田県,新潟県,女,28
富山県,秋田県,総数,3
秋田県,富山県,男,0
富山県,秋田県,女,3
秋田県,石川県,総数,3
石川県,秋田県,男,6
秋田県,石川県,女,9
秋田県,福井県,総数,3
福井県,秋田県,男,3
秋田県,福井県,女,6
秋田県,山梨県,総数,4
秋田県,山梨県,男,3
秋田県,山梨県,女,1
秋田県,長野県,総数,45
秋田県,長野県,男,18
秋田県,長野県,女,27
秋田県,岐阜県,総数,16
秋田県,岐阜県,男,10
秋田県,岐阜県,女,6
秋田県,静岡県,総数,37
秋田県,静岡県,男,13
秋田県,静岡県,女,24
秋田県,愛知県,総数,39
秋田県,愛知県,男,6
秋田県,愛知県,女,33
秋田県,三重県,総数,27
秋田県,三重県,男,21
秋田県,三重県,女,6
秋田県,滋賀県,総数,8
滋賀県,秋田県,男,1
秋田県,滋賀県,女,9
秋田県,京都府,総数,26
秋田県,京都府,男,6
秋田県,京都府,女,20
秋田県,大阪府,総数,4
大阪府,秋田県,男,4
秋田県,大阪府,女,8
秋田県,兵庫県,総数,8
兵庫県,秋田県,男,3
秋田県,兵庫県,女,11
奈良県,秋田県,総数,13
奈良県,秋田県,男,22
秋田県,奈良県,女,9
秋田県,和歌山県,総数,5
秋田県,和歌山県,男,6
和歌山県,秋田県,女,1
秋田県,鳥取県,総数,6
秋田県,鳥取県,男,1
秋田県,鳥取県,女,5
島根県,秋田県,総数,3
島根県,秋田県,男,4
秋田県,島根県,女,1
秋田県,岡山県,総数,8
秋田県,岡山県,男,7
秋田県,岡山県,女,1
広島県,秋田県,総数,16
広島県,秋田県,男,9
広島県,秋田県,女,7
秋田県,山口県,総数,17
秋田県,山口県,男,7
秋田県,山口県,女,10
秋田県,徳島県,総数,8
秋田県,徳島県,男,7
秋田県,徳島県,女,1
秋田県,香川県,総数,10
秋田県,香川県,男,2
秋田県,香川県,女,8
秋田県,愛媛県,総数,12
秋田県,愛媛県,男,4
秋田県,愛媛県,女,8
高知県,秋田県,総数,6
高知県,秋田県,男,4
高知県,秋田県,女,2
秋田県,福岡県,総数,27
秋田県,福岡県,男,12
秋田県,福岡県,女,15
佐賀県,秋田県,総数,9
佐賀県,秋田県,男,3
佐賀県,秋田県,女,6
秋田県,長崎県,総数,3
秋田県,長崎県,男,4
長崎県,秋田県,女,1
秋田県,熊本県,総数,17
秋田県,熊本県,男,2
秋田県,熊本県,女,15
秋田県,大分県,総数,4
秋田県,大分県,男,2
秋田県,大分県,女,2
宮崎県,秋田県,総数,14
宮崎県,秋田県,男,2
宮崎県,秋田県,女,12
鹿児島県,秋田県,総数,10
鹿児島県,秋田県,男,2
鹿児島県,秋田県,女,8
沖縄県,秋田県,総数,8
沖縄県,秋田県,男,4
沖縄県,秋田県,女,4
山形県,福島県,総数,110
山形県,福島県,男,69
山形県,福島県,女,41
山形県,茨城県,総数,31
山形県,茨城県,男,28
山形県,茨城県,女,3
山形県,栃木県,総数,85
山形県,栃木県,男,37
山形県,栃木県,女,48
山形県,群馬県,総数,25
山形県,群馬県,男,28
群馬県,山形県,女,3
山形県,埼玉県,総数,370
山形県,埼玉県,男,118
山形県,埼玉県,女,252
山形県,千葉県,総数,160
山形県,千葉県,男,53
山形県,千葉県,女,107
山形県,東京都,総数,941
山形県,東京都,男,432
山形県,東京都,女,509
山形県,神奈川県,総数,419
山形県,神奈川県,男,171
山形県,神奈川県,女,248
山形県,新潟県,総数,117
山形県,新潟県,男,24
山形県,新潟県,女,93
富山県,山形県,総数,18
富山県,山形県,男,19
山形県,富山県,女,1
山形県,石川県,総数,24
山形県,石川県,男,13
山形県,石川県,女,11
山形県,福井県,総数,8
山形県,福井県,男,2
山形県,福井県,女,6
山形県,山梨県,総数,15
山形県,山梨県,男,15
山形県,山梨県,女,0
山形県,長野県,総数,4
長野県,山形県,男,8
山形県,長野県,女,12
山形県,岐阜県,総数,13
山形県,岐阜県,男,13
山形県,岐阜県,女,0
山形県,静岡県,総数,24
静岡県,山形県,男,2
山形県,静岡県,女,26
山形県,愛知県,総数,43
山形県,愛知県,男,11
山形県,愛知県,女,32
山形県,三重県,総数,13
山形県,三重県,男,6
山形県,三重県,女,7
山形県,滋賀県,総数,17
山形県,滋賀県,男,13
山形県,滋賀県,女,4
山形県,京都府,総数,37
山形県,京都府,男,12
山形県,京都府,女,25
山形県,大阪府,総数,80
山形県,大阪府,男,52
山形県,大阪府,女,28
兵庫県,山形県,総数,2
兵庫県,山形県,男,15
山形県,兵庫県,女,13
奈良県,山形県,総数,3
山形県,奈良県,男,2
奈良県,山形県,女,5
山形県,和歌山県,総数,2
山形県,和歌山県,男,0
山形県,和歌山県,女,2
山形県,鳥取県,総数,2
山形県,鳥取県,男,0
山形県,鳥取県,女,2
島根県,山形県,総数,2
島根県,山形県,男,1
島根県,山形県,女,1
山形県,岡山県,総数,3
山形県,岡山県,男,7
岡山県,山形県,女,4
広島県,山形県,総数,74
広島県,山形県,男,22
広島県,山形県,女,52
山口県,山形県,総数,4
山口県,山形県,男,6
山形県,山口県,女,2
山形県,徳島県,総数,5
山形県,徳島県,男,0
山形県,徳島県,女,5
山形県,香川県,総数,8
山形県,香川県,男,3
山形県,香川県,女,5
山形県,愛媛県,総数,11
山形県,愛媛県,男,3
山形県,愛媛県,女,8
高知県,山形県,総数,3
山形県,高知県,男,0
高知県,山形県,女,3
山形県,福岡県,総数,15
山形県,福岡県,男,11
山形県,福岡県,女,4
山形県,佐賀県,総数,6
山形県,佐賀県,男,2
山形県,佐賀県,女,4
山形県,長崎県,総数,11
山形県,長崎県,男,8
山形県,長崎県,女,3
山形県,熊本県,総数,10
山形県,熊本県,男,11
熊本県,山形県,女,1
山形県,大分県,総数,17
山形県,大分県,男,7
山形県,大分県,女,10
宮崎県,山形県,総数,3
山形県,宮崎県,男,5
宮崎県,山形県,女,8
山形県,鹿児島県,総数,3
山形県,鹿児島県,男,7
鹿児島県,山形県,女,4
山形県,沖縄県,総数,4
山形県,沖縄県,男,0
山形県,沖縄県,女,4
福島県,茨城県,総数,250
福島県,茨城県,男,106
福島県,茨城県,女,144
福島県,栃木県,総数,326
福島県,栃木県,男,145
福島県,栃木県,女,181
福島県,群馬県,総数,85
福島県,群馬県,男,35
福島県,群馬県,女,50
福島県,埼玉県,総数,854
福島県,埼玉県,男,325
福島県,埼玉県,女,529
福島県,千葉県,総数,334
福島県,千葉県,男,93
福島県,千葉県,女,241
福島県,東京都,総数,1880
福島県,東京都,男,864
福島県,東京都,女,1016
福島県,神奈川県,総数,812
福島県,神奈川県,男,343
福島県,神奈川県,女,469
福島県,新潟県,総数,125
福島県,新潟県,男,96
福島県,新潟県,女,29
富山県,福島県,総数,2
富山県,福島県,男,13
福島県,富山県,女,11
福島県,石川県,総数,14
福島県,石川県,男,12
福島県,石川県,女,2
福井県,福島県,総数,1
福島県,福井県,男,1
福井県,福島県,女,2
福島県,山梨県,総数,77
福島県,山梨県,男,53
福島県,山梨県,女,24
福島県,長野県,総数,25
福島県,長野県,男,9
福島県,長野県,女,16
福島県,岐阜県,総数,27
福島県,岐阜県,男,24
福島県,岐阜県,女,3
福島県,静岡県,総数,74
福島県,静岡県,男,27
福島県,静岡県,女,47
福島県,愛知県,総数,134
福島県,愛知県,男,22
福島県,愛知県,女,112
福島県,三重県,総数,21
福島県,三重県,男,14
福島県,三重県,女,7
福島県,滋賀県,総数,11
福島県,滋賀県,男,16
滋賀県,福島県,女,5
福島県,京都府,総数,79
福島県,京都府,男,36
福島県,京都府,女,43
福島県,大阪府,総数,145
福島県,大阪府,男,77
福島県,大阪府,女,68
福島県,兵庫県,総数,49
福島県,兵庫県,男,29
福島県,兵庫県,女,20
福島県,奈良県,総数,15
福島県,奈良県,男,9
福島県,奈良県,女,6
福島県,和歌山県,総数,3
和歌山県,福島県,男,3
福島県,和歌山県,女,6
福島県,鳥取県,総数,5
鳥取県,福島県,男,2
福島県,鳥取県,女,7
島根県,福島県,総数,6
島根県,福島県,男,7
福島県,島根県,女,1
岡山県,福島県,総数,8
岡山県,福島県,男,5
岡山県,福島県,女,3
福島県,広島県,総数,42
福島県,広島県,男,36
福島県,広島県,女,6
福島県,山口県,総数,6
福島県,山口県,男,2
福島県,山口県,女,4
福島県,徳島県,総数,8
福島県,徳島県,男,13
徳島県,福島県,女,5
福島県,香川県,総数,8
香川県,福島県,男,3
福島県,香川県,女,11
愛媛県,福島県,総数,14
愛媛県,福島県,男,3
愛媛県,福島県,女,11
福島県,高知県,総数,1
福島県,高知県,男,9
高知県,福島県,女,8
福岡県,福島県,総数,14
福岡県,福島県,男,20
福島県,福岡県,女,6
福島県,佐賀県,総数,16
福島県,佐賀県,男,12
福島県,佐賀県,女,4
長崎県,福島県,総数,3
長崎県,福島県,男,5
福島県,長崎県,女,2
福島県,熊本県,総数,22
福島県,熊本県,男,5
福島県,熊本県,女,17
福島県,大分県,総数,14
福島県,大分県,男,9
福島県,大分県,女,5
福島県,宮崎県,総数,31
福島県,宮崎県,男,28
福島県,宮崎県,女,3
福島県,鹿児島県,総数,6
福島県,鹿児島県,男,1
福島県,鹿児島県,女,5
沖縄県,福島県,総数,13
沖縄県,福島県,男,6
沖縄県,福島県,女,7
茨城県,栃木県,総数,333
茨城県,栃木県,男,191
茨城県,栃木県,女,142
茨城県,群馬県,総数,151
茨城県,群馬県,男,68
茨城県,群馬県,女,83
茨城県,埼玉県,総数,378
茨城県,埼玉県,男,139
茨城県,埼玉県,女,239
千葉県,茨城県,総数,1160
千葉県,茨城県,男,966
千葉県,茨城県,女,194
茨城県,東京都,総数,1235
茨城県,東京都,男,381
茨城県,東京都,女,854
茨城県,神奈川県,総数,560
茨城県,神奈川県,男,295
茨城県,神奈川県,女,265
新潟県,茨城県,総数,67
新潟県,茨城県,男,34
新潟県,茨城県,女,33
富山県,茨城県,総数,36
富山県,茨城県,男,6
富山県,茨城県,女,30
茨城県,石川県,総数,12
茨城県,石川県,男,18
石川県,茨城県,女,6
福井県,茨城県,総数,74
福井県,茨城県,男,52
福井県,茨城県,女,22
茨城県,山梨県,総数,14
茨城県,山梨県,男,27
山梨県,茨城県,女,13
茨城県,長野県,総数,55
茨城県,長野県,男,36
茨城県,長野県,女,19
岐阜県,茨城県,総数,43
茨城県,岐阜県,男,3
岐阜県,茨城県,女,46
静岡県,茨城県,総数,149
静岡県,茨城県,男,136
静岡県,茨城県,女,13
愛知県,茨城県,総数,173
愛知県,茨城県,男,164
愛知県,茨城県,女,9
三重県,茨城県,総数,93
三重県,茨城県,男,43
三重県,茨城県,女,50
茨城県,滋賀県,総数,49
茨城県,滋賀県,男,31
茨城県,滋賀県,女,18
京都府,茨城県,総数,105
京都府,茨城県,男,94
京都府,茨城県,女,11
大阪府,茨城県,総数,28
茨城県,大阪府,男,26
大阪府,茨城県,女,54
兵庫県,茨城県,総数,35
兵庫県,茨城県,男,31
兵庫県,茨城県,女,4
奈良県,茨城県,総数,24
奈良県,茨城県,男,18
奈良県,茨城県,女,6
茨城県,和歌山県,総数,5
茨城県,和歌山県,男,0
茨城県,和歌山県,女,5
鳥取県,茨城県,総数,29
鳥取県,茨城県,男,16
鳥取県,茨城県,女,13
島根県,茨城県,総数,39
島根県,茨城県,男,20
島根県,茨城県,女,19
茨城県,岡山県,総数,14
岡山県,茨城県,男,16
茨城県,岡山県,女,30
広島県,茨城県,総数,164
広島県,茨城県,男,105
広島県,茨城県,女,59
山口県,茨城県,総数,63
山口県,茨城県,男,35
山口県,茨城県,女,28
徳島県,茨城県,総数,38
徳島県,茨城県,男,20
徳島県,茨城県,女,18
香川県,茨城県,総数,39
香川県,茨城県,男,29
香川県,茨城県,女,10
茨城県,愛媛県,総数,68
茨城県,愛媛県,男,38
茨城県,愛媛県,女,30
茨城県,高知県,総数,18
茨城県,高知県,男,1
茨城県,高知県,女,17
福岡県,茨城県,総数,161
福岡県,茨城県,男,71
福岡県,茨城県,女,90
佐賀県,茨城県,総数,29
佐賀県,茨城県,男,17
佐賀県,茨城県,女,12
長崎県,茨城県,総数,46
長崎県,茨城県,男,22
長崎県,茨城県,女,24
茨城県,熊本県,総数,81
茨城県,熊本県,男,40
茨城県,熊本県,女,41
大分県,茨城県,総数,5
茨城県,大分県,男,8
大分県,茨城県,女,13
茨城県,宮崎県,総数,61
宮崎県,茨城県,男,2
茨城県,宮崎県,女,63
茨城県,鹿児島県,総数,20
茨城県,鹿児島県,男,11
茨城県,鹿児島県,女,9
沖縄県,茨城県,総数,29
沖縄県,茨城県,男,38
茨城県,沖縄県,女,9
栃木県,群馬県,総数,106
栃木県,群馬県,男,79
栃木県,群馬県,女,27
栃木県,埼玉県,総数,958
栃木県,埼玉県,男,418
栃木県,埼玉県,女,540
千葉県,栃木県,総数,436
千葉県,栃木県,男,320
千葉県,栃木県,女,116
栃木県,東京都,総数,1143
栃木県,東京都,男,397
栃木県,東京都,女,746
栃木県,神奈川県,総数,469
栃木県,神奈川県,男,181
栃木県,神奈川県,女,288
新潟県,栃木県,総数,68
新潟県,栃木県,男,28
新潟県,栃木県,女,40
富山県,栃木県,総数,13
富山県,栃木県,男,2
富山県,栃木県,女,11
栃木県,石川県,総数,26
栃木県,石川県,男,38
石川県,栃木県,女,12
福井県,栃木県,総数,56
福井県,栃木県,男,27
福井県,栃木県,女,29
山梨県,栃木県,総数,54
山梨県,栃木県,男,42
山梨県,栃木県,女,12
栃木県,長野県,総数,29
栃木県,長野県,男,30
長野県,栃木県,女,1
岐阜県,栃木県,総数,34
岐阜県,栃木県,男,11
岐阜県,栃木県,女,23
静岡県,栃木県,総数,95
静岡県,栃木県,男,86
静岡県,栃木県,女,9
愛知県,栃木県,総数,42
愛知県,栃木県,男,65
栃木県,愛知県,女,23
三重県,栃木県,総数,40
三重県,栃木県,男,40
栃木県,三重県,女,0
栃木県,滋賀県,総数,7
栃木県,滋賀県,男,7
栃木県,滋賀県,女,0
栃木県,京都府,総数,16
栃木県,京都府,男,3
栃木県,京都府,女,13
栃木県,大阪府,総数,59
栃木県,大阪府,男,35
栃木県,大阪府,女,24
兵庫県,栃木県,総数,61
兵庫県,栃木県,男,28
兵庫県,栃木県,女,33
奈良県,栃木県,総数,2
栃木県,奈良県,男,1
奈良県,栃木県,女,3
栃木県,和歌山県,総数,0
栃木県,和歌山県,男,4
和歌山県,栃木県,女,4
鳥取県,栃木県,総数,35
鳥取県,栃木県,男,12
鳥取県,栃木県,女,23
島根県,栃木県,総数,24
島根県,栃木県,男,13
島根県,栃木県,女,11
岡山県,栃木県,総数,98
岡山県,栃木県,男,29
岡山県,栃木県,女,69
広島県,栃木県,総数,101
広島県,栃木県,男,44
広島県,栃木県,女,57
栃木県,山口県,総数,3
栃木県,山口県,男,5
山口県,栃木県,女,2
徳島県,栃木県,総数,10
徳島県,栃木県,男,7
徳島県,栃木県,女,3
香川県,栃木県,総数,12
香川県,栃木県,男,4
香川県,栃木県,女,8
愛媛県,栃木県,総数,23
愛媛県,栃木県,男,7
愛媛県,栃木県,女,16
高知県,栃木県,総数,2
栃木県,高知県,男,6
高知県,栃木県,女,8
福岡県,栃木県,総数,106
福岡県,栃木県,男,27
福岡県,栃木県,女,79
佐賀県,栃木県,総数,14
佐賀県,栃木県,男,8
佐賀県,栃木県,女,6
長崎県,栃木県,総数,36
長崎県,栃木県,男,20
長崎県,栃木県,女,16
栃木県,熊本県,総数,11
栃木県,熊本県,男,26
熊本県,栃木県,女,15
大分県,栃木県,総数,49
大分県,栃木県,男,22
大分県,栃木県,女,27
宮崎県,栃木県,総数,32
宮崎県,栃木県,男,11
宮崎県,栃木県,女,21
鹿児島県,栃木県,総数,12
栃木県,鹿児島県,男,8
鹿児島県,栃木県,女,20
沖縄県,栃木県,総数,15
沖縄県,栃木県,男,19
栃木県,沖縄県,女,4
群馬県,埼玉県,総数,904
群馬県,埼玉県,男,148
群馬県,埼玉県,女,756
千葉県,群馬県,総数,313
千葉県,群馬県,男,282
千葉県,群馬県,女,31
群馬県,東京都,総数,957
群馬県,東京都,男,216
群馬県,東京都,女,741
群馬県,神奈川県,総数,460
群馬県,神奈川県,男,213
群馬県,神奈川県,女,247
新潟県,群馬県,総数,138
新潟県,群馬県,男,81
新潟県,群馬県,女,57
富山県,群馬県,総数,8
群馬県,富山県,男,17
富山県,群馬県,女,25
群馬県,石川県,総数,56
群馬県,石川県,男,30
群馬県,石川県,女,26
福井県,群馬県,総数,41
福井県,群馬県,男,23
福井県,群馬県,女,18
群馬県,山梨県,総数,2
群馬県,山梨県,男,3
山梨県,群馬県,女,1
長野県,群馬県,総数,123
長野県,群馬県,男,18
長野県,群馬県,女,105
岐阜県,群馬県,総数,134
岐阜県,群馬県,男,85
岐阜県,群馬県,女,49
静岡県,群馬県,総数,65
静岡県,群馬県,男,44
静岡県,群馬県,女,21
愛知県,群馬県,総数,28
愛知県,群馬県,男,43
群馬県,愛知県,女,15
群馬県,三重県,総数,13
群馬県,三重県,男,13
群馬県,三重県,女,0
群馬県,滋賀県,総数,52
群馬県,滋賀県,男,48
群馬県,滋賀県,女,4
群馬県,京都府,総数,46
群馬県,京都府,男,11
群馬県,京都府,女,35
群馬県,大阪府,総数,113
群馬県,大阪府,男,8
群馬県,大阪府,女,105
兵庫県,群馬県,総数,45
兵庫県,群馬県,男,37
兵庫県,群馬県,女,8
群馬県,奈良県,総数,9
奈良県,群馬県,男,3
群馬県,奈良県,女,12
和歌山県,群馬県,総数,9
和歌山県,群馬県,男,6
和歌山県,群馬県,女,3
鳥取県,群馬県,総数,32
鳥取県,群馬県,男,21
鳥取県,群馬県,女,11
島根県,群馬県,総数,31
島根県,群馬県,男,16
島根県,群馬県,女,15
岡山県,群馬県,総数,54
岡山県,群馬県,男,42
岡山県,群馬県,女,12
広島県,群馬県,総数,103
広島県,群馬県,男,46
広島県,群馬県,女,57
山口県,群馬県,総数,58
山口県,群馬県,男,38
山口県,群馬県,女,20
徳島県,群馬県,総数,40
徳島県,群馬県,男,28
徳島県,群馬県,女,12
香川県,群馬県,総数,14
香川県,群馬県,男,14
群馬県,香川県,女,0
愛媛県,群馬県,総数,23
愛媛県,群馬県,男,15
愛媛県,群馬県,女,8
高知県,群馬県,総数,11
高知県,群馬県,男,1
高知県,群馬県,女,10
福岡県,群馬県,総数,91
福岡県,群馬県,男,32
福岡県,群馬県,女,59
佐賀県,群馬県,総数,24
佐賀県,群馬県,男,14
佐賀県,群馬県,女,10
群馬県,長崎県,総数,5
群馬県,長崎県,男,12
長崎県,群馬県,女,7
熊本県,群馬県,総数,63
熊本県,群馬県,男,43
熊本県,群馬県,女,20
群馬県,大分県,総数,65
群馬県,大分県,男,65
群馬県,大分県,女,0
宮崎県,群馬県,総数,43
宮崎県,群馬県,男,15
宮崎県,群馬県,女,28
鹿児島県,群馬県,総数,83
鹿児島県,群馬県,男,44
鹿児島県,群馬県,女,39
沖縄県,群馬県,総数,67
沖縄県,群馬県,男,37
沖縄県,群馬県,女,30
千葉県,埼玉県,総数,817
千葉県,埼玉県,男,798
千葉県,埼玉県,女,19
東京都,埼玉県,総数,12458
東京都,埼玉県,男,7646
東京都,埼玉県,女,4812
埼玉県,神奈川県,総数,667
埼玉県,神奈川県,男,364
埼玉県,神奈川県,女,303
新潟県,埼玉県,総数,1085
新潟県,埼玉県,男,452
新潟県,埼玉県,女,633
富山県,埼玉県,総数,118
富山県,埼玉県,男,30
富山県,埼玉県,女,88
石川県,埼玉県,総数,190
石川県,埼玉県,男,69
石川県,埼玉県,女,121
福井県,埼玉県,総数,86
福井県,埼玉県,男,35
福井県,埼玉県,女,51
埼玉県,山梨県,総数,6
埼玉県,山梨県,男,21
山梨県,埼玉県,女,15
長野県,埼玉県,総数,105
埼玉県,長野県,男,24
長野県,埼玉県,女,129
岐阜県,埼玉県,総数,364
岐阜県,埼玉県,男,197
岐阜県,埼玉県,女,167
静岡県,埼玉県,総数,267
静岡県,埼玉県,男,79
静岡県,埼玉県,女,188
愛知県,埼玉県,総数,1026
愛知県,埼玉県,男,525
愛知県,埼玉県,女,501
三重県,埼玉県,総数,206
三重県,埼玉県,男,86
三重県,埼玉県,女,120
滋賀県,埼玉県,総数,21
滋賀県,埼玉県,男,14
滋賀県,埼玉県,女,7
京都府,埼玉県,総数,87
京都府,埼玉県,男,70
京都府,埼玉県,女,17
大阪府,埼玉県,総数,691
大阪府,埼玉県,男,226
大阪府,埼玉県,女,465
兵庫県,埼玉県,総数,716
兵庫県,埼玉県,男,372
兵庫県,埼玉県,女,344
奈良県,埼玉県,総数,83
奈良県,埼玉県,男,57
奈良県,埼玉県,女,26
和歌山県,埼玉県,総数,22
和歌山県,埼玉県,男,3
和歌山県,埼玉県,女,19
鳥取県,埼玉県,総数,65
鳥取県,埼玉県,男,6
鳥取県,埼玉県,女,59
島根県,埼玉県,総数,18
埼玉県,島根県,男,13
島根県,埼玉県,女,31
岡山県,埼玉県,総数,302
岡山県,埼玉県,男,128
岡山県,埼玉県,女,174
広島県,埼玉県,総数,392
広島県,埼玉県,男,196
広島県,埼玉県,女,196
山口県,埼玉県,総数,133
山口県,埼玉県,男,13
山口県,埼玉県,女,120
徳島県,埼玉県,総数,82
徳島県,埼玉県,男,21
徳島県,埼玉県,女,61
香川県,埼玉県,総数,141
香川県,埼玉県,男,104
香川県,埼玉県,女,37
愛媛県,埼玉県,総数,185
愛媛県,埼玉県,男,122
愛媛県,埼玉県,女,63
高知県,埼玉県,総数,38
高知県,埼玉県,男,16
高知県,埼玉県,女,22
福岡県,埼玉県,総数,155
福岡県,埼玉県,男,17
福岡県,埼玉県,女,138
佐賀県,埼玉県,総数,16
佐賀県,埼玉県,男,17
埼玉県,佐賀県,女,1
長崎県,埼玉県,総数,143
長崎県,埼玉県,男,39
長崎県,埼玉県,女,104
熊本県,埼玉県,総数,10
熊本県,埼玉県,男,14
埼玉県,熊本県,女,4
大分県,埼玉県,総数,71
埼玉県,大分県,男,12
大分県,埼玉県,女,83
宮崎県,埼玉県,総数,73
宮崎県,埼玉県,男,8
宮崎県,埼玉県,女,65
鹿児島県,埼玉県,総数,27
埼玉県,鹿児島県,男,24
鹿児島県,埼玉県,女,51
沖縄県,埼玉県,総数,212
沖縄県,埼玉県,男,86
沖縄県,埼玉県,女,126
東京都,千葉県,総数,5683
東京都,千葉県,男,3489
東京都,千葉県,女,2194
千葉県,神奈川県,総数,942
千葉県,神奈川県,男,912
千葉県,神奈川県,女,30
新潟県,千葉県,総数,471
新潟県,千葉県,男,125
新潟県,千葉県,女,346
富山県,千葉県,総数,100
富山県,千葉県,男,38
富山県,千葉県,女,62
石川県,千葉県,総数,175
石川県,千葉県,男,97
石川県,千葉県,女,78
福井県,千葉県,総数,109
福井県,千葉県,男,39
福井県,千葉県,女,70
千葉県,山梨県,総数,245
千葉県,山梨県,男,158
千葉県,山梨県,女,87
千葉県,長野県,総数,88
千葉県,長野県,男,41
千葉県,長野県,女,47
岐阜県,千葉県,総数,130
岐阜県,千葉県,男,72
岐阜県,千葉県,女,58
静岡県,千葉県,総数,4
千葉県,静岡県,男,18
静岡県,千葉県,女,22
愛知県,千葉県,総数,578
愛知県,千葉県,男,115
愛知県,千葉県,女,463
三重県,千葉県,総数,87
三重県,千葉県,男,6
三重県,千葉県,女,81
滋賀県,千葉県,総数,107
滋賀県,千葉県,男,48
滋賀県,千葉県,女,59
京都府,千葉県,総数,169
京都府,千葉県,男,123
京都府,千葉県,女,46
大阪府,千葉県,総数,812
大阪府,千葉県,男,282
大阪府,千葉県,女,530
兵庫県,千葉県,総数,715
兵庫県,千葉県,男,362
兵庫県,千葉県,女,353
奈良県,千葉県,総数,67
奈良県,千葉県,男,50
奈良県,千葉県,女,17
和歌山県,千葉県,総数,57
和歌山県,千葉県,男,42
和歌山県,千葉県,女,15
鳥取県,千葉県,総数,62
鳥取県,千葉県,男,34
鳥取県,千葉県,女,28
島根県,千葉県,総数,7
千葉県,島根県,男,15
島根県,千葉県,女,22
岡山県,千葉県,総数,254
岡山県,千葉県,男,85
岡山県,千葉県,女,169
広島県,千葉県,総数,427
広島県,千葉県,男,207
広島県,千葉県,女,220
山口県,千葉県,総数,116
山口県,千葉県,男,54
山口県,千葉県,女,62
徳島県,千葉県,総数,145
徳島県,千葉県,男,94
徳島県,千葉県,女,51
香川県,千葉県,総数,10
香川県,千葉県,男,21
千葉県,香川県,女,11
愛媛県,千葉県,総数,186
愛媛県,千葉県,男,108
愛媛県,千葉県,女,78
高知県,千葉県,総数,12
千葉県,高知県,男,22
高知県,千葉県,女,34
福岡県,千葉県,総数,436
福岡県,千葉県,男,182
福岡県,千葉県,女,254
佐賀県,千葉県,総数,40
佐賀県,千葉県,男,16
佐賀県,千葉県,女,24
長崎県,千葉県,総数,152
長崎県,千葉県,男,99
長崎県,千葉県,女,53
千葉県,熊本県,総数,6
千葉県,熊本県,男,42
熊本県,千葉県,女,36
大分県,千葉県,総数,40
大分県,千葉県,男,4
大分県,千葉県,女,36
千葉県,宮崎県,総数,23
宮崎県,千葉県,男,4
千葉県,宮崎県,女,27
鹿児島県,千葉県,総数,35
千葉県,鹿児島県,男,33
鹿児島県,千葉県,女,68
沖縄県,千葉県,総数,162
沖縄県,千葉県,男,100
沖縄県,千葉県,女,62
東京都,神奈川県,総数,6658
東京都,神奈川県,男,3446
東京都,神奈川県,女,3212
新潟県,東京都,総数,2267
新潟県,東京都,男,911
新潟県,東京都,女,1356
富山県,東京都,総数,819
富山県,東京都,男,337
富山県,東京都,女,482
石川県,東京都,総数,1053
石川県,東京都,男,527
石川県,東京都,女,526
福井県,東京都,総数,717
福井県,東京都,男,349
福井県,東京都,女,368
山梨県,東京都,総数,479
山梨県,東京都,男,94
山梨県,東京都,女,385
長野県,東京都,総数,26
東京都,長野県,男,22
長野県,東京都,女,48
岐阜県,東京都,総数,1395
岐阜県,東京都,男,699
岐阜県,東京都,女,696
静岡県,東京都,総数,2889
静岡県,東京都,男,1378
静岡県,東京都,女,1511
愛知県,東京都,総数,7088
愛知県,東京都,男,3770
愛知県,東京都,女,3318
三重県,東京都,総数,1101
三重県,東京都,男,564
三重県,東京都,女,537
滋賀県,東京都,総数,849
滋賀県,東京都,男,487
滋賀県,東京都,女,362
京都府,東京都,総数,1515
京都府,東京都,男,758
京都府,東京都,女,757
大阪府,東京都,総数,7302
大阪府,東京都,男,3872
大阪府,東京都,女,3430
兵庫県,東京都,総数,3963
兵庫県,東京都,男,2108
兵庫県,東京都,女,1855
奈良県,東京都,総数,774
奈良県,東京都,男,435
奈良県,東京都,女,339
和歌山県,東京都,総数,452
和歌山県,東京都,男,260
和歌山県,東京都,女,192
鳥取県,東京都,総数,387
鳥取県,東京都,男,191
鳥取県,東京都,女,196
島根県,東京都,総数,198
島根県,東京都,男,69
島根県,東京都,女,129
岡山県,東京都,総数,1524
岡山県,東京都,男,760
岡山県,東京都,女,764
広島県,東京都,総数,2676
広島県,東京都,男,1366
広島県,東京都,女,1310
山口県,東京都,総数,820
山口県,東京都,男,373
山口県,東京都,女,447
徳島県,東京都,総数,419
徳島県,東京都,男,184
徳島県,東京都,女,235
香川県,東京都,総数,726
香川県,東京都,男,378
香川県,東京都,女,348
愛媛県,東京都,総数,906
愛媛県,東京都,男,391
愛媛県,東京都,女,515
高知県,東京都,総数,392
高知県,東京都,男,214
高知県,東京都,女,178
福岡県,東京都,総数,3395
福岡県,東京都,男,1451
福岡県,東京都,女,1944
佐賀県,東京都,総数,335
佐賀県,東京都,男,163
佐賀県,東京都,女,172
長崎県,東京都,総数,735
長崎県,東京都,男,303
長崎県,東京都,女,432
熊本県,東京都,総数,1055
熊本県,東京都,男,518
熊本県,東京都,女,537
大分県,東京都,総数,598
大分県,東京都,男,218
大分県,東京都,女,380
宮崎県,東京都,総数,322
宮崎県,東京都,男,115
宮崎県,東京都,女,207
鹿児島県,東京都,総数,711
鹿児島県,東京都,男,256
鹿児島県,東京都,女,455
沖縄県,東京都,総数,195
沖縄県,東京都,男,76
沖縄県,東京都,女,119
新潟県,神奈川県,総数,825
新潟県,神奈川県,男,319
新潟県,神奈川県,女,506
富山県,神奈川県,総数,290
富山県,神奈川県,男,140
富山県,神奈川県,女,150
石川県,神奈川県,総数,387
石川県,神奈川県,男,176
石川県,神奈川県,女,211
福井県,神奈川県,総数,198
福井県,神奈川県,男,94
福井県,神奈川県,女,104
神奈川県,山梨県,総数,92
神奈川県,山梨県,男,144
山梨県,神奈川県,女,52
神奈川県,長野県,総数,16
神奈川県,長野県,男,29
長野県,神奈川県,女,13
岐阜県,神奈川県,総数,481
岐阜県,神奈川県,男,242
岐阜県,神奈川県,女,239
静岡県,神奈川県,総数,1899
静岡県,神奈川県,男,797
静岡県,神奈川県,女,1102
愛知県,神奈川県,総数,2259
愛知県,神奈川県,男,1119
愛知県,神奈川県,女,1140
三重県,神奈川県,総数,440
三重県,神奈川県,男,195
三重県,神奈川県,女,245
滋賀県,神奈川県,総数,273
滋賀県,神奈川県,男,159
滋賀県,神奈川県,女,114
京都府,神奈川県,総数,569
京都府,神奈川県,男,321
京都府,神奈川県,女,248
大阪府,神奈川県,総数,1563
大阪府,神奈川県,男,733
大阪府,神奈川県,女,830
兵庫県,神奈川県,総数,844
兵庫県,神奈川県,男,502
兵庫県,神奈川県,女,342
奈良県,神奈川県,総数,168
奈良県,神奈川県,男,75
奈良県,神奈川県,女,93
和歌山県,神奈川県,総数,103
和歌山県,神奈川県,男,36
和歌山県,神奈川県,女,67
鳥取県,神奈川県,総数,92
鳥取県,神奈川県,男,66
鳥取県,神奈川県,女,26
島根県,神奈川県,総数,88
島根県,神奈川県,男,36
島根県,神奈川県,女,52
岡山県,神奈川県,総数,517
岡山県,神奈川県,男,278
岡山県,神奈川県,女,239
広島県,神奈川県,総数,922
広島県,神奈川県,男,469
広島県,神奈川県,女,453
山口県,神奈川県,総数,273
山口県,神奈川県,男,106
山口県,神奈川県,女,167
徳島県,神奈川県,総数,27
徳島県,神奈川県,男,11
徳島県,神奈川県,女,16
香川県,神奈川県,総数,292
香川県,神奈川県,男,163
香川県,神奈川県,女,129
愛媛県,神奈川県,総数,232
愛媛県,神奈川県,男,128
愛媛県,神奈川県,女,104
高知県,神奈川県,総数,57
高知県,神奈川県,男,26
高知県,神奈川県,女,31
福岡県,神奈川県,総数,417
福岡県,神奈川県,男,103
福岡県,神奈川県,女,314
佐賀県,神奈川県,総数,137
佐賀県,神奈川県,男,55
佐賀県,神奈川県,女,82
長崎県,神奈川県,総数,162
長崎県,神奈川県,男,88
長崎県,神奈川県,女,74
熊本県,神奈川県,総数,329
熊本県,神奈川県,男,179
熊本県,神奈川県,女,150
大分県,神奈川県,総数,74
大分県,神奈川県,男,15
大分県,神奈川県,女,59
宮崎県,神奈川県,総数,98
神奈川県,宮崎県,男,23
宮崎県,神奈川県,女,121
鹿児島県,神奈川県,総数,240
鹿児島県,神奈川県,男,59
鹿児島県,神奈川県,女,181
神奈川県,沖縄県,総数,9
沖縄県,神奈川県,男,16
神奈川県,沖縄県,女,25
新潟県,富山県,総数,57
新潟県,富山県,男,21
新潟県,富山県,女,36
新潟県,石川県,総数,100
新潟県,石川県,男,41
新潟県,石川県,女,59
福井県,新潟県,総数,25
福井県,新潟県,男,29
新潟県,福井県,女,4
新潟県,山梨県,総数,35
山梨県,新潟県,男,12
新潟県,山梨県,女,47
新潟県,長野県,総数,158
新潟県,長野県,男,102
新潟県,長野県,女,56
新潟県,岐阜県,総数,57
新潟県,岐阜県,男,23
新潟県,岐阜県,女,34
新潟県,静岡県,総数,83
新潟県,静岡県,男,30
新潟県,静岡県,女,53
新潟県,愛知県,総数,227
新潟県,愛知県,男,129
新潟県,愛知県,女,98
新潟県,三重県,総数,23
新潟県,三重県,男,10
新潟県,三重県,女,13
新潟県,滋賀県,総数,33
新潟県,滋賀県,男,17
新潟県,滋賀県,女,16
新潟県,京都府,総数,156
新潟県,京都府,男,81
新潟県,京都府,女,75
新潟県,大阪府,総数,109
新潟県,大阪府,男,26
新潟県,大阪府,女,83
新潟県,兵庫県,総数,57
新潟県,兵庫県,男,32
新潟県,兵庫県,女,25
新潟県,奈良県,総数,38
新潟県,奈良県,男,24
新潟県,奈良県,女,14
新潟県,和歌山県,総数,6
新潟県,和歌山県,男,10
和歌山県,新潟県,女,4
鳥取県,新潟県,総数,15
鳥取県,新潟県,男,7
鳥取県,新潟県,女,8
島根県,新潟県,総数,2
島根県,新潟県,男,6
新潟県,島根県,女,4
岡山県,新潟県,総数,14
新潟県,岡山県,男,3
岡山県,新潟県,女,17
広島県,新潟県,総数,4
新潟県,広島県,男,6
広島県,新潟県,女,10
新潟県,山口県,総数,2
新潟県,山口県,男,8
山口県,新潟県,女,6
徳島県,新潟県,総数,34
徳島県,新潟県,男,20
徳島県,新潟県,女,14
香川県,新潟県,総数,43
香川県,新潟県,男,13
香川県,新潟県,女,30
愛媛県,新潟県,総数,6
新潟県,愛媛県,男,9
愛媛県,新潟県,女,15
新潟県,高知県,総数,1
高知県,新潟県,男,5
新潟県,高知県,女,6
新潟県,福岡県,総数,39
新潟県,福岡県,男,25
新潟県,福岡県,女,14
新潟県,佐賀県,総数,27
新潟県,佐賀県,男,17
新潟県,佐賀県,女,10
新潟県,長崎県,総数,3
新潟県,長崎県,男,9
長崎県,新潟県,女,6
新潟県,熊本県,総数,27
新潟県,熊本県,男,24
新潟県,熊本県,女,3
大分県,新潟県,総数,8
大分県,新潟県,男,2
大分県,新潟県,女,6
宮崎県,新潟県,総数,33
宮崎県,新潟県,男,16
宮崎県,新潟県,女,17
新潟県,鹿児島県,総数,13
新潟県,鹿児島県,男,26
鹿児島県,新潟県,女,13
沖縄県,新潟県,総数,14
新潟県,沖縄県,男,6
沖縄県,新潟県,女,20
石川県,富山県,総数,124
石川県,富山県,男,143
富山県,石川県,女,19
福井県,富山県,総数,83
福井県,富山県,男,11
福井県,富山県,女,72
山梨県,富山県,総数,20
山梨県,富山県,男,11
山梨県,富山県,女,9
長野県,富山県,総数,18
富山県,長野県,男,11
長野県,富山県,女,29
岐阜県,富山県,総数,119
岐阜県,富山県,男,76
岐阜県,富山県,女,43
静岡県,富山県,総数,17
静岡県,富山県,男,23
富山県,静岡県,女,6
富山県,愛知県,総数,215
富山県,愛知県,男,56
富山県,愛知県,女,159
三重県,富山県,総数,121
三重県,富山県,男,83
三重県,富山県,女,38
富山県,滋賀県,総数,31
富山県,滋賀県,男,16
富山県,滋賀県,女,15
富山県,京都府,総数,57
富山県,京都府,男,14
富山県,京都府,女,43
富山県,大阪府,総数,182
富山県,大阪府,男,48
富山県,大阪府,女,134
兵庫県,富山県,総数,15
兵庫県,富山県,男,11
兵庫県,富山県,女,4
富山県,奈良県,総数,18
富山県,奈良県,男,0
富山県,奈良県,女,18
和歌山県,富山県,総数,10
和歌山県,富山県,男,3
和歌山県,富山県,女,7
鳥取県,富山県,総数,16
鳥取県,富山県,男,12
鳥取県,富山県,女,4
島根県,富山県,総数,15
島根県,富山県,男,8
島根県,富山県,女,7
岡山県,富山県,総数,8
岡山県,富山県,男,6
岡山県,富山県,女,2
広島県,富山県,総数,37
広島県,富山県,男,24
広島県,富山県,女,13
富山県,山口県,総数,16
富山県,山口県,男,10
富山県,山口県,女,6
徳島県,富山県,総数,42
徳島県,富山県,男,18
徳島県,富山県,女,24
香川県,富山県,総数,5
香川県,富山県,男,6
富山県,香川県,女,1
愛媛県,富山県,総数,11
愛媛県,富山県,男,17
富山県,愛媛県,女,6
富山県,高知県,総数,9
富山県,高知県,男,10
高知県,富山県,女,1
富山県,福岡県,総数,24
富山県,福岡県,男,14
富山県,福岡県,女,10
富山県,佐賀県,総数,6
富山県,佐賀県,男,3
富山県,佐賀県,女,3
長崎県,富山県,総数,15
長崎県,富山県,男,11
長崎県,富山県,女,4
富山県,熊本県,総数,27
富山県,熊本県,男,13
富山県,熊本県,女,14
富山県,大分県,総数,2
富山県,大分県,男,5
大分県,富山県,女,3
宮崎県,富山県,総数,6
宮崎県,富山県,男,4
宮崎県,富山県,女,2
富山県,鹿児島県,総数,3
富山県,鹿児島県,男,7
鹿児島県,富山県,女,4
沖縄県,富山県,総数,3
沖縄県,富山県,男,5
富山県,沖縄県,女,2
福井県,石川県,総数,466
福井県,石川県,男,223
福井県,石川県,女,243
石川県,山梨県,総数,41
石川県,山梨県,男,20
石川県,山梨県,女,21
石川県,長野県,総数,68
石川県,長野県,男,24
石川県,長野県,女,44
石川県,岐阜県,総数,22
石川県,岐阜県,男,18
石川県,岐阜県,女,4
石川県,静岡県,総数,18
静岡県,石川県,男,8
石川県,静岡県,女,26
石川県,愛知県,総数,512
石川県,愛知県,男,220
石川県,愛知県,女,292
三重県,石川県,総数,53
三重県,石川県,男,36
三重県,石川県,女,17
滋賀県,石川県,総数,78
滋賀県,石川県,男,79
石川県,滋賀県,女,1
石川県,京都府,総数,41
石川県,京都府,男,23
石川県,京都府,女,18
石川県,大阪府,総数,391
石川県,大阪府,男,143
石川県,大阪府,女,248
石川県,兵庫県,総数,124
石川県,兵庫県,男,51
石川県,兵庫県,女,73
石川県,奈良県,総数,0
奈良県,石川県,男,4
石川県,奈良県,女,4
和歌山県,石川県,総数,13
和歌山県,石川県,男,1
和歌山県,石川県,女,12
石川県,鳥取県,総数,5
石川県,鳥取県,男,4
石川県,鳥取県,女,1
島根県,石川県,総数,12
島根県,石川県,男,3
島根県,石川県,女,9
岡山県,石川県,総数,19
岡山県,石川県,男,16
岡山県,石川県,女,3
石川県,広島県,総数,3
広島県,石川県,男,10
石川県,広島県,女,13
山口県,石川県,総数,14
石川県,山口県,男,3
山口県,石川県,女,17
徳島県,石川県,総数,18
徳島県,石川県,男,5
徳島県,石川県,女,13
香川県,石川県,総数,1
香川県,石川県,男,10
石川県,香川県,女,9
愛媛県,石川県,総数,5
愛媛県,石川県,男,2
愛媛県,石川県,女,3
石川県,高知県,総数,15
石川県,高知県,男,14
石川県,高知県,女,1
石川県,福岡県,総数,52
石川県,福岡県,男,45
石川県,福岡県,女,7
石川県,佐賀県,総数,2
石川県,佐賀県,男,1
石川県,佐賀県,女,1
長崎県,石川県,総数,5
長崎県,石川県,男,6
石川県,長崎県,女,1
石川県,熊本県,総数,27
石川県,熊本県,男,8
石川県,熊本県,女,19
石川県,大分県,総数,20
石川県,大分県,男,11
石川県,大分県,女,9
宮崎県,石川県,総数,8
宮崎県,石川県,男,10
石川県,宮崎県,女,2
鹿児島県,石川県,総数,14
石川県,鹿児島県,男,0
鹿児島県,石川県,女,14
石川県,沖縄県,総数,2
石川県,沖縄県,男,8
沖縄県,石川県,女,6
福井県,山梨県,総数,15
福井県,山梨県,男,1
福井県,山梨県,女,14
福井県,長野県,総数,3
長野県,福井県,男,3
福井県,長野県,女,6
福井県,岐阜県,総数,115
福井県,岐阜県,男,60
福井県,岐阜県,女,55
福井県,静岡県,総数,128
福井県,静岡県,男,45
福井県,静岡県,女,83
福井県,愛知県,総数,499
福井県,愛知県,男,218
福井県,愛知県,女,281
福井県,三重県,総数,69
福井県,三重県,男,30
福井県,三重県,女,39
福井県,滋賀県,総数,87
福井県,滋賀県,男,33
福井県,滋賀県,女,54
福井県,京都府,総数,159
福井県,京都府,男,80
福井県,京都府,女,79
福井県,大阪府,総数,511
福井県,大阪府,男,201
福井県,大阪府,女,310
福井県,兵庫県,総数,135
福井県,兵庫県,男,51
福井県,兵庫県,女,84
奈良県,福井県,総数,6
奈良県,福井県,男,7
福井県,奈良県,女,1
福井県,和歌山県,総数,8
福井県,和歌山県,男,0
福井県,和歌山県,女,8
鳥取県,福井県,総数,9
鳥取県,福井県,男,2
鳥取県,福井県,女,7
福井県,島根県,総数,0
福井県,島根県,男,8
島根県,福井県,女,8
岡山県,福井県,総数,45
岡山県,福井県,男,1
岡山県,福井県,女,44
広島県,福井県,総数,4
広島県,福井県,男,2
広島県,福井県,女,2
福井県,山口県,総数,35
福井県,山口県,男,11
福井県,山口県,女,24
徳島県,福井県,総数,13
徳島県,福井県,男,3
徳島県,福井県,女,10
香川県,福井県,総数,11
香川県,福井県,男,1
香川県,福井県,女,10
福井県,愛媛県,総数,27
福井県,愛媛県,男,14
福井県,愛媛県,女,13
高知県,福井県,総数,2
高知県,福井県,男,11
福井県,高知県,女,9
福井県,福岡県,総数,37
福井県,福岡県,男,24
福井県,福岡県,女,13
福井県,佐賀県,総数,0
福井県,佐賀県,男,1
佐賀県,福井県,女,1
福井県,長崎県,総数,10
福井県,長崎県,男,3
福井県,長崎県,女,7
福井県,熊本県,総数,11
福井県,熊本県,男,14
熊本県,福井県,女,3
福井県,大分県,総数,14
福井県,大分県,男,15
大分県,福井県,女,1
宮崎県,福井県,総数,7
宮崎県,福井県,男,5
宮崎県,福井県,女,2
福井県,鹿児島県,総数,2
福井県,鹿児島県,男,4
鹿児島県,福井県,女,2
福井県,沖縄県,総数,34
福井県,沖縄県,男,13
福井県,沖縄県,女,21
長野県,山梨県,総数,39
長野県,山梨県,男,37
長野県,山梨県,女,2
岐阜県,山梨県,総数,50
岐阜県,山梨県,男,41
岐阜県,山梨県,女,9
静岡県,山梨県,総数,98
静岡県,山梨県,男,41
静岡県,山梨県,女,57
愛知県,山梨県,総数,34
愛知県,山梨県,男,39
山梨県,愛知県,女,5
三重県,山梨県,総数,53
三重県,山梨県,男,24
三重県,山梨県,女,29
山梨県,滋賀県,総数,7
山梨県,滋賀県,男,6
山梨県,滋賀県,女,1
京都府,山梨県,総数,2
山梨県,京都府,男,2
京都府,山梨県,女,4
大阪府,山梨県,総数,23
山梨県,大阪府,男,1
大阪府,山梨県,女,24
兵庫県,山梨県,総数,30
兵庫県,山梨県,男,16
兵庫県,山梨県,女,14
山梨県,奈良県,総数,15
山梨県,奈良県,男,10
山梨県,奈良県,女,5
和歌山県,山梨県,総数,5
山梨県,和歌山県,男,1
和歌山県,山梨県,女,6
山梨県,鳥取県,総数,15
山梨県,鳥取県,男,10
山梨県,鳥取県,女,5
島根県,山梨県,総数,21
島根県,山梨県,男,12
島根県,山梨県,女,9
岡山県,山梨県,総数,14
岡山県,山梨県,男,12
岡山県,山梨県,女,2
広島県,山梨県,総数,69
広島県,山梨県,男,52
広島県,山梨県,女,17
山口県,山梨県,総数,9
山梨県,山口県,男,1
山口県,山梨県,女,10
徳島県,山梨県,総数,23
徳島県,山梨県,男,16
徳島県,山梨県,女,7
香川県,山梨県,総数,13
香川県,山梨県,男,10
香川県,山梨県,女,3
愛媛県,山梨県,総数,18
愛媛県,山梨県,男,9
愛媛県,山梨県,女,9
高知県,山梨県,総数,25
高知県,山梨県,男,16
高知県,山梨県,女,9
福岡県,山梨県,総数,3
山梨県,福岡県,男,2
福岡県,山梨県,女,5
佐賀県,山梨県,総数,9
佐賀県,山梨県,男,7
佐賀県,山梨県,女,2
長崎県,山梨県,総数,22
長崎県,山梨県,男,14
長崎県,山梨県,女,8
熊本県,山梨県,総数,2
熊本県,山梨県,男,6
山梨県,熊本県,女,4
大分県,山梨県,総数,1
山梨県,大分県,男,1
大分県,山梨県,女,2
宮崎県,山梨県,総数,9
山梨県,宮崎県,男,2
宮崎県,山梨県,女,11
山梨県,鹿児島県,総数,0
山梨県,鹿児島県,男,4
鹿児島県,山梨県,女,4
沖縄県,山梨県,総数,12
沖縄県,山梨県,男,8
沖縄県,山梨県,女,4
長野県,岐阜県,総数,56
長野県,岐阜県,男,21
長野県,岐阜県,女,35
静岡県,長野県,総数,42
静岡県,長野県,男,58
長野県,静岡県,女,16
長野県,愛知県,総数,97
長野県,愛知県,男,27
長野県,愛知県,女,70
三重県,長野県,総数,11
三重県,長野県,男,19
長野県,三重県,女,8
長野県,滋賀県,総数,11
長野県,滋賀県,男,14
滋賀県,長野県,女,3
長野県,京都府,総数,88
長野県,京都府,男,28
長野県,京都府,女,60
大阪府,長野県,総数,10
大阪府,長野県,男,32
長野県,大阪府,女,22
兵庫県,長野県,総数,53
兵庫県,長野県,男,8
兵庫県,長野県,女,45
奈良県,長野県,総数,27
奈良県,長野県,男,12
奈良県,長野県,女,15
和歌山県,長野県,総数,1
和歌山県,長野県,男,4
長野県,和歌山県,女,3
鳥取県,長野県,総数,9
鳥取県,長野県,男,3
鳥取県,長野県,女,6
島根県,長野県,総数,23
島根県,長野県,男,12
島根県,長野県,女,11
岡山県,長野県,総数,27
岡山県,長野県,男,20
岡山県,長野県,女,7
広島県,長野県,総数,72
広島県,長野県,男,30
広島県,長野県,女,42
山口県,長野県,総数,7
長野県,山口県,男,9
山口県,長野県,女,16
徳島県,長野県,総数,35
徳島県,長野県,男,15
徳島県,長野県,女,20
香川県,長野県,総数,37
香川県,長野県,男,16
香川県,長野県,女,21
愛媛県,長野県,総数,23
愛媛県,長野県,男,28
長野県,愛媛県,女,5
長野県,高知県,総数,7
長野県,高知県,男,3
長野県,高知県,女,4
福岡県,長野県,総数,51
福岡県,長野県,男,34
福岡県,長野県,女,17
長野県,佐賀県,総数,5
長野県,佐賀県,男,4
長野県,佐賀県,女,1
長野県,長崎県,総数,3
長崎県,長野県,男,4
長野県,長崎県,女,7
長野県,熊本県,総数,7
長野県,熊本県,男,2
長野県,熊本県,女,5
大分県,長野県,総数,7
長野県,大分県,男,2
大分県,長野県,女,9
宮崎県,長野県,総数,23
宮崎県,長野県,男,17
宮崎県,長野県,女,6
鹿児島県,長野県,総数,73
鹿児島県,長野県,男,37
鹿児島県,長野県,女,36
沖縄県,長野県,総数,25
沖縄県,長野県,男,2
沖縄県,長野県,女,23
岐阜県,静岡県,総数,183
岐阜県,静岡県,男,71
岐阜県,静岡県,女,112
岐阜県,愛知県,総数,895
岐阜県,愛知県,男,6
岐阜県,愛知県,女,889
岐阜県,三重県,総数,115
岐阜県,三重県,男,21
岐阜県,三重県,女,94
岐阜県,滋賀県,総数,49
岐阜県,滋賀県,男,33
岐阜県,滋賀県,女,16
岐阜県,京都府,総数,192
岐阜県,京都府,男,96
岐阜県,京都府,女,96
岐阜県,大阪府,総数,365
岐阜県,大阪府,男,179
岐阜県,大阪府,女,186
兵庫県,岐阜県,総数,60
兵庫県,岐阜県,男,40
兵庫県,岐阜県,女,20
奈良県,岐阜県,総数,14
奈良県,岐阜県,男,25
岐阜県,奈良県,女,11
和歌山県,岐阜県,総数,5
岐阜県,和歌山県,男,3
和歌山県,岐阜県,女,8
鳥取県,岐阜県,総数,1
岐阜県,鳥取県,男,3
鳥取県,岐阜県,女,4
島根県,岐阜県,総数,39
島根県,岐阜県,男,25
島根県,岐阜県,女,14
岡山県,岐阜県,総数,55
岡山県,岐阜県,男,53
岡山県,岐阜県,女,2
広島県,岐阜県,総数,35
広島県,岐阜県,男,31
広島県,岐阜県,女,4
山口県,岐阜県,総数,17
岐阜県,山口県,男,11
山口県,岐阜県,女,28
徳島県,岐阜県,総数,111
徳島県,岐阜県,男,66
徳島県,岐阜県,女,45
香川県,岐阜県,総数,20
香川県,岐阜県,男,12
香川県,岐阜県,女,8
愛媛県,岐阜県,総数,27
愛媛県,岐阜県,男,15
愛媛県,岐阜県,女,12
岐阜県,高知県,総数,13
岐阜県,高知県,男,8
岐阜県,高知県,女,5
岐阜県,福岡県,総数,51
岐阜県,福岡県,男,2
岐阜県,福岡県,女,49
佐賀県,岐阜県,総数,24
佐賀県,岐阜県,男,14
佐賀県,岐阜県,女,10
長崎県,岐阜県,総数,24
長崎県,岐阜県,男,9
長崎県,岐阜県,女,15
熊本県,岐阜県,総数,37
熊本県,岐阜県,男,21
熊本県,岐阜県,女,16
岐阜県,大分県,総数,4
大分県,岐阜県,男,2
岐阜県,大分県,女,6
宮崎県,岐阜県,総数,10
宮崎県,岐阜県,男,5
宮崎県,岐阜県,女,5
鹿児島県,岐阜県,総数,20
鹿児島県,岐阜県,男,10
鹿児島県,岐阜県,女,10
沖縄県,岐阜県,総数,17
沖縄県,岐阜県,男,2
沖縄県,岐阜県,女,15
静岡県,愛知県,総数,21
愛知県,静岡県,男,293
静岡県,愛知県,女,314
三重県,静岡県,総数,274
三重県,静岡県,男,159
三重県,静岡県,女,115
静岡県,滋賀県,総数,73
静岡県,滋賀県,男,2
静岡県,滋賀県,女,71
静岡県,京都府,総数,169
静岡県,京都府,男,59
静岡県,京都府,女,110
静岡県,大阪府,総数,361
静岡県,大阪府,男,187
静岡県,大阪府,女,174
兵庫県,静岡県,総数,114
兵庫県,静岡県,男,95
兵庫県,静岡県,女,19
静岡県,奈良県,総数,35
奈良県,静岡県,男,9
静岡県,奈良県,女,44
和歌山県,静岡県,総数,31
和歌山県,静岡県,男,17
和歌山県,静岡県,女,14
静岡県,鳥取県,総数,22
静岡県,鳥取県,男,22
静岡県,鳥取県,女,0
島根県,静岡県,総数,78
島根県,静岡県,男,43
島根県,静岡県,女,35
岡山県,静岡県,総数,111
岡山県,静岡県,男,73
岡山県,静岡県,女,38
広島県,静岡県,総数,154
広島県,静岡県,男,57
広島県,静岡県,女,97
山口県,静岡県,総数,169
山口県,静岡県,男,80
山口県,静岡県,女,89
徳島県,静岡県,総数,58
徳島県,静岡県,男,17
徳島県,静岡県,女,41
香川県,静岡県,総数,50
香川県,静岡県,男,55
静岡県,香川県,女,5
愛媛県,静岡県,総数,49
愛媛県,静岡県,男,33
愛媛県,静岡県,女,16
高知県,静岡県,総数,18
静岡県,高知県,男,0
高知県,静岡県,女,18
福岡県,静岡県,総数,9
福岡県,静岡県,男,3
福岡県,静岡県,女,6
静岡県,佐賀県,総数,8
静岡県,佐賀県,男,17
佐賀県,静岡県,女,9
長崎県,静岡県,総数,37
長崎県,静岡県,男,8
長崎県,静岡県,女,29
静岡県,熊本県,総数,35
静岡県,熊本県,男,42
熊本県,静岡県,女,7
大分県,静岡県,総数,2
静岡県,大分県,男,8
大分県,静岡県,女,10
静岡県,宮崎県,総数,34
静岡県,宮崎県,男,37
宮崎県,静岡県,女,3
静岡県,鹿児島県,総数,9
静岡県,鹿児島県,男,20
鹿児島県,静岡県,女,11
沖縄県,静岡県,総数,38
沖縄県,静岡県,男,19
沖縄県,静岡県,女,19
三重県,愛知県,総数,1552
三重県,愛知県,男,440
三重県,愛知県,女,1112
愛知県,滋賀県,総数,129
愛知県,滋賀県,男,179
滋賀県,愛知県,女,50
愛知県,京都府,総数,434
愛知県,京都府,男,221
愛知県,京都府,女,213
愛知県,大阪府,総数,1391
愛知県,大阪府,男,876
愛知県,大阪府,女,515
愛知県,兵庫県,総数,345
愛知県,兵庫県,男,107
愛知県,兵庫県,女,238
奈良県,愛知県,総数,77
奈良県,愛知県,男,72
奈良県,愛知県,女,5
和歌山県,愛知県,総数,55
和歌山県,愛知県,男,6
和歌山県,愛知県,女,49
鳥取県,愛知県,総数,91
鳥取県,愛知県,男,31
鳥取県,愛知県,女,60
島根県,愛知県,総数,154
島根県,愛知県,男,88
島根県,愛知県,女,66
岡山県,愛知県,総数,180
岡山県,愛知県,男,111
岡山県,愛知県,女,69
広島県,愛知県,総数,502
広島県,愛知県,男,291
広島県,愛知県,女,211
山口県,愛知県,総数,68
山口県,愛知県,男,42
山口県,愛知県,女,26
徳島県,愛知県,総数,178
徳島県,愛知県,男,93
徳島県,愛知県,女,85
香川県,愛知県,総数,230
香川県,愛知県,男,138
香川県,愛知県,女,92
愛媛県,愛知県,総数,198
愛媛県,愛知県,男,91
愛媛県,愛知県,女,107
高知県,愛知県,総数,20
愛知県,高知県,男,12
高知県,愛知県,女,32
愛知県,福岡県,総数,164
愛知県,福岡県,男,138
愛知県,福岡県,女,26
愛知県,佐賀県,総数,9
愛知県,佐賀県,男,19
佐賀県,愛知県,女,10
長崎県,愛知県,総数,80
長崎県,愛知県,男,8
長崎県,愛知県,女,72
愛知県,熊本県,総数,42
愛知県,熊本県,男,34
愛知県,熊本県,女,8
愛知県,大分県,総数,71
愛知県,大分県,男,59
愛知県,大分県,女,12
愛知県,宮崎県,総数,127
愛知県,宮崎県,男,98
愛知県,宮崎県,女,29
愛知県,鹿児島県,総数,47
愛知県,鹿児島県,男,97
鹿児島県,愛知県,女,50
愛知県,沖縄県,総数,107
愛知県,沖縄県,男,19
愛知県,沖縄県,女,88
三重県,滋賀県,総数,121
三重県,滋賀県,男,122
滋賀県,三重県,女,1
三重県,京都府,総数,211
三重県,京都府,男,59
三重県,京都府,女,152
三重県,大阪府,総数,598
三重県,大阪府,男,113
三重県,大阪府,女,485
三重県,兵庫県,総数,74
三重県,兵庫県,男,22
三重県,兵庫県,女,52
三重県,奈良県,総数,99
三重県,奈良県,男,15
三重県,奈良県,女,84
和歌山県,三重県,総数,34
和歌山県,三重県,男,11
和歌山県,三重県,女,23
鳥取県,三重県,総数,12
鳥取県,三重県,男,6
鳥取県,三重県,女,6
島根県,三重県,総数,25
島根県,三重県,男,22
島根県,三重県,女,3
岡山県,三重県,総数,31
岡山県,三重県,男,37
三重県,岡山県,女,6
広島県,三重県,総数,39
三重県,広島県,男,11
広島県,三重県,女,50
山口県,三重県,総数,32
山口県,三重県,男,24
山口県,三重県,女,8
三重県,徳島県,総数,0
三重県,徳島県,男,0
三重県,徳島県,女,0
香川県,三重県,総数,52
香川県,三重県,男,23
香川県,三重県,女,29
愛媛県,三重県,総数,21
三重県,愛媛県,男,2
愛媛県,三重県,女,23
三重県,高知県,総数,26
三重県,高知県,男,30
高知県,三重県,女,4
福岡県,三重県,総数,55
福岡県,三重県,男,61
三重県,福岡県,女,6
三重県,佐賀県,総数,0
佐賀県,三重県,男,2
三重県,佐賀県,女,2
長崎県,三重県,総数,23
長崎県,三重県,男,7
長崎県,三重県,女,16
三重県,熊本県,総数,32
三重県,熊本県,男,18
三重県,熊本県,女,14
三重県,大分県,総数,24
三重県,大分県,男,24
三重県,大分県,女,0
宮崎県,三重県,総数,4
宮崎県,三重県,男,1
宮崎県,三重県,女,3
鹿児島県,三重県,総数,29
鹿児島県,三重県,男,5
鹿児島県,三重県,女,24
沖縄県,三重県,総数,7
沖縄県,三重県,男,20
三重県,沖縄県,女,13
京都府,滋賀県,総数,1609
京都府,滋賀県,男,749
京都府,滋賀県,女,860
滋賀県,大阪府,総数,373
滋賀県,大阪府,男,136
滋賀県,大阪府,女,237
兵庫県,滋賀県,総数,162
兵庫県,滋賀県,男,76
兵庫県,滋賀県,女,86
奈良県,滋賀県,総数,125
奈良県,滋賀県,男,62
奈良県,滋賀県,女,63
和歌山県,滋賀県,総数,19
和歌山県,滋賀県,男,34
滋賀県,和歌山県,女,15
鳥取県,滋賀県,総数,42
鳥取県,滋賀県,男,20
鳥取県,滋賀県,女,22
島根県,滋賀県,総数,96
島根県,滋賀県,男,48
島根県,滋賀県,女,48
岡山県,滋賀県,総数,98
岡山県,滋賀県,男,52
岡山県,滋賀県,女,46
広島県,滋賀県,総数,11
滋賀県,広島県,男,50
広島県,滋賀県,女,61
山口県,滋賀県,総数,17
山口県,滋賀県,男,6
山口県,滋賀県,女,11
徳島県,滋賀県,総数,39
徳島県,滋賀県,男,16
徳島県,滋賀県,女,23
香川県,滋賀県,総数,20
香川県,滋賀県,男,4
香川県,滋賀県,女,16
愛媛県,滋賀県,総数,55
愛媛県,滋賀県,男,23
愛媛県,滋賀県,女,32
高知県,滋賀県,総数,10
高知県,滋賀県,男,3
高知県,滋賀県,女,7
福岡県,滋賀県,総数,99
福岡県,滋賀県,男,47
福岡県,滋賀県,女,52
佐賀県,滋賀県,総数,1
佐賀県,滋賀県,男,4
滋賀県,佐賀県,女,3
長崎県,滋賀県,総数,24
滋賀県,長崎県,男,3
長崎県,滋賀県,女,27
熊本県,滋賀県,総数,6
滋賀県,熊本県,男,6
熊本県,滋賀県,女,12
大分県,滋賀県,総数,1
滋賀県,大分県,男,4
大分県,滋賀県,女,5
滋賀県,宮崎県,総数,13
滋賀県,宮崎県,男,11
滋賀県,宮崎県,女,2
滋賀県,鹿児島県,総数,31
滋賀県,鹿児島県,男,38
鹿児島県,滋賀県,女,7
滋賀県,沖縄県,総数,9
滋賀県,沖縄県,男,13
沖縄県,滋賀県,女,4
京都府,大阪府,総数,2227
京都府,大阪府,男,878
京都府,大阪府,女,1349
兵庫県,京都府,総数,339
兵庫県,京都府,男,129
兵庫県,京都府,女,210
奈良県,京都府,総数,140
奈良県,京都府,男,28
奈良県,京都府,女,112
和歌山県,京都府,総数,88
京都府,和歌山県,男,0
和歌山県,京都府,女,88
鳥取県,京都府,総数,84
鳥取県,京都府,男,26
鳥取県,京都府,女,58
島根県,京都府,総数,75
島根県,京都府,男,17
島根県,京都府,女,58
岡山県,京都府,総数,476
岡山県,京都府,男,208
岡山県,京都府,女,268
広島県,京都府,総数,175
広島県,京都府,男,122
広島県,京都府,女,53
山口県,京都府,総数,31
京都府,山口県,男,4
山口県,京都府,女,35
徳島県,京都府,総数,93
徳島県,京都府,男,31
徳島県,京都府,女,62
香川県,京都府,総数,137
香川県,京都府,男,47
香川県,京都府,女,90
愛媛県,京都府,総数,116
愛媛県,京都府,男,40
愛媛県,京都府,女,76
高知県,京都府,総数,54
京都府,高知県,男,2
高知県,京都府,女,56
福岡県,京都府,総数,167
福岡県,京都府,男,101
福岡県,京都府,女,66
佐賀県,京都府,総数,26
京都府,佐賀県,男,1
佐賀県,京都府,女,27
長崎県,京都府,総数,65
長崎県,京都府,男,20
長崎県,京都府,女,45
熊本県,京都府,総数,154
熊本県,京都府,男,49
熊本県,京都府,女,105
大分県,京都府,総数,35
大分県,京都府,男,5
大分県,京都府,女,30
宮崎県,京都府,総数,34
宮崎県,京都府,男,17
宮崎県,京都府,女,17
鹿児島県,京都府,総数,82
鹿児島県,京都府,男,28
鹿児島県,京都府,女,54
沖縄県,京都府,総数,69
沖縄県,京都府,男,23
沖縄県,京都府,女,46
兵庫県,大阪府,総数,2607
兵庫県,大阪府,男,1042
兵庫県,大阪府,女,1565
大阪府,奈良県,総数,225
大阪府,奈良県,男,407
奈良県,大阪府,女,182
和歌山県,大阪府,総数,985
和歌山県,大阪府,男,429
和歌山県,大阪府,女,556
鳥取県,大阪府,総数,205
鳥取県,大阪府,男,71
鳥取県,大阪府,女,134
島根県,大阪府,総数,194
島根県,大阪府,男,47
島根県,大阪府,女,147
岡山県,大阪府,総数,1002
岡山県,大阪府,男,384
岡山県,大阪府,女,618
広島県,大阪府,総数,1619
広島県,大阪府,男,704
広島県,大阪府,女,915
山口県,大阪府,総数,291
山口県,大阪府,男,101
山口県,大阪府,女,190
徳島県,大阪府,総数,465
徳島県,大阪府,男,203
徳島県,大阪府,女,262
香川県,大阪府,総数,618
香川県,大阪府,男,262
香川県,大阪府,女,356
愛媛県,大阪府,総数,547
愛媛県,大阪府,男,170
愛媛県,大阪府,女,377
高知県,大阪府,総数,329
高知県,大阪府,男,95
高知県,大阪府,女,234
福岡県,大阪府,総数,549
福岡県,大阪府,男,189
福岡県,大阪府,女,360
佐賀県,大阪府,総数,61
佐賀県,大阪府,男,5
佐賀県,大阪府,女,56
長崎県,大阪府,総数,127
長崎県,大阪府,男,52
長崎県,大阪府,女,75
熊本県,大阪府,総数,12
大阪府,熊本県,男,51
熊本県,大阪府,女,63
大分県,大阪府,総数,31
大阪府,大分県,男,82
大分県,大阪府,女,113
宮崎県,大阪府,総数,55
大阪府,宮崎県,男,23
宮崎県,大阪府,女,78
大阪府,鹿児島県,総数,11
大阪府,鹿児島県,男,97
鹿児島県,大阪府,女,86
大阪府,沖縄県,総数,254
大阪府,沖縄県,男,27
大阪府,沖縄県,女,227
奈良県,兵庫県,総数,221
奈良県,兵庫県,男,94
奈良県,兵庫県,女,127
和歌山県,兵庫県,総数,131
和歌山県,兵庫県,男,43
和歌山県,兵庫県,女,88
鳥取県,兵庫県,総数,76
鳥取県,兵庫県,男,30
鳥取県,兵庫県,女,46
島根県,兵庫県,総数,86
兵庫県,島根県,男,9
島根県,兵庫県,女,95
岡山県,兵庫県,総数,740
岡山県,兵庫県,男,264
岡山県,兵庫県,女,476
広島県,兵庫県,総数,651
広島県,兵庫県,男,256
広島県,兵庫県,女,395
山口県,兵庫県,総数,5
兵庫県,山口県,男,24
山口県,兵庫県,女,29
徳島県,兵庫県,総数,155
徳島県,兵庫県,男,26
徳島県,兵庫県,女,129
香川県,兵庫県,総数,245
香川県,兵庫県,男,23
香川県,兵庫県,女,222
愛媛県,兵庫県,総数,344
愛媛県,兵庫県,男,73
愛媛県,兵庫県,女,271
高知県,兵庫県,総数,175
高知県,兵庫県,男,43
高知県,兵庫県,女,132
福岡県,兵庫県,総数,114
兵庫県,福岡県,男,30
福岡県,兵庫県,女,144
佐賀県,兵庫県,総数,54
佐賀県,兵庫県,男,22
佐賀県,兵庫県,女,32
長崎県,兵庫県,総数,119
長崎県,兵庫県,男,54
長崎県,兵庫県,女,65
熊本県,兵庫県,総数,15
兵庫県,熊本県,男,52
熊本県,兵庫県,女,67
大分県,兵庫県,総数,79
大分県,兵庫県,男,16
大分県,兵庫県,女,63
宮崎県,兵庫県,総数,71
宮崎県,兵庫県,男,41
宮崎県,兵庫県,女,30
鹿児島県,兵庫県,総数,35
兵庫県,鹿児島県,男,23
鹿児島県,兵庫県,女,58
沖縄県,兵庫県,総数,43
沖縄県,兵庫県,男,48
兵庫県,沖縄県,女,5
奈良県,和歌山県,総数,81
奈良県,和歌山県,男,48
奈良県,和歌山県,女,33
鳥取県,奈良県,総数,1
奈良県,鳥取県,男,1
鳥取県,奈良県,女,2
島根県,奈良県,総数,4
島根県,奈良県,男,2
島根県,奈良県,女,2
岡山県,奈良県,総数,23
岡山県,奈良県,男,1
岡山県,奈良県,女,22
広島県,奈良県,総数,50
広島県,奈良県,男,12
広島県,奈良県,女,38
奈良県,山口県,総数,16
奈良県,山口県,男,8
奈良県,山口県,女,8
徳島県,奈良県,総数,39
徳島県,奈良県,男,13
徳島県,奈良県,女,26
香川県,奈良県,総数,34
香川県,奈良県,男,14
香川県,奈良県,女,20
愛媛県,奈良県,総数,12
奈良県,愛媛県,男,15
愛媛県,奈良県,女,27
奈良県,高知県,総数,23
奈良県,高知県,男,24
高知県,奈良県,女,1
福岡県,奈良県,総数,8
奈良県,福岡県,男,22
福岡県,奈良県,女,30
奈良県,佐賀県,総数,3
奈良県,佐賀県,男,2
奈良県,佐賀県,女,1
奈良県,長崎県,総数,1
奈良県,長崎県,男,2
長崎県,奈良県,女,1
奈良県,熊本県,総数,5
奈良県,熊本県,男,6
熊本県,奈良県,女,1
大分県,奈良県,総数,2
大分県,奈良県,男,1
大分県,奈良県,女,1
宮崎県,奈良県,総数,2
宮崎県,奈良県,男,5
奈良県,宮崎県,女,3
鹿児島県,奈良県,総数,23
鹿児島県,奈良県,男,11
鹿児島県,奈良県,女,12
奈良県,沖縄県,総数,35
奈良県,沖縄県,男,10
奈良県,沖縄県,女,25
鳥取県,和歌山県,総数,2
鳥取県,和歌山県,男,5
和歌山県,鳥取県,女,3
島根県,和歌山県,総数,8
島根県,和歌山県,男,6
島根県,和歌山県,女,2
岡山県,和歌山県,総数,39
岡山県,和歌山県,男,6
岡山県,和歌山県,女,33
広島県,和歌山県,総数,26
広島県,和歌山県,男,11
広島県,和歌山県,女,15
和歌山県,山口県,総数,10
和歌山県,山口県,男,5
和歌山県,山口県,女,5
和歌山県,徳島県,総数,7
和歌山県,徳島県,男,9
徳島県,和歌山県,女,2
和歌山県,香川県,総数,14
和歌山県,香川県,男,7
和歌山県,香川県,女,7
和歌山県,愛媛県,総数,7
和歌山県,愛媛県,男,5
和歌山県,愛媛県,女,2
和歌山県,高知県,総数,4
和歌山県,高知県,男,4
和歌山県,高知県,女,0
和歌山県,福岡県,総数,33
和歌山県,福岡県,男,40
福岡県,和歌山県,女,7
和歌山県,佐賀県,総数,2
和歌山県,佐賀県,男,6
佐賀県,和歌山県,女,4
和歌山県,長崎県,総数,6
長崎県,和歌山県,男,1
和歌山県,長崎県,女,7
和歌山県,熊本県,総数,2
和歌山県,熊本県,男,1
和歌山県,熊本県,女,1
和歌山県,大分県,総数,9
和歌山県,大分県,男,12
大分県,和歌山県,女,3
和歌山県,宮崎県,総数,21
和歌山県,宮崎県,男,14
和歌山県,宮崎県,女,7
和歌山県,鹿児島県,総数,26
和歌山県,鹿児島県,男,11
和歌山県,鹿児島県,女,15
和歌山県,沖縄県,総数,24
和歌山県,沖縄県,男,17
和歌山県,沖縄県,女,7
島根県,鳥取県,総数,68
鳥取県,島根県,男,13
島根県,鳥取県,女,81
岡山県,鳥取県,総数,124
岡山県,鳥取県,男,68
岡山県,鳥取県,女,56
鳥取県,広島県,総数,92
鳥取県,広島県,男,48
鳥取県,広島県,女,44
鳥取県,山口県,総数,52
鳥取県,山口県,男,40
鳥取県,山口県,女,12
鳥取県,徳島県,総数,10
鳥取県,徳島県,男,6
鳥取県,徳島県,女,4
香川県,鳥取県,総数,7
香川県,鳥取県,男,11
鳥取県,香川県,女,4
鳥取県,愛媛県,総数,55
鳥取県,愛媛県,男,34
鳥取県,愛媛県,女,21
高知県,鳥取県,総数,2
高知県,鳥取県,男,1
高知県,鳥取県,女,1
鳥取県,福岡県,総数,55
鳥取県,福岡県,男,20
鳥取県,福岡県,女,35
佐賀県,鳥取県,総数,1
佐賀県,鳥取県,男,1
鳥取県,佐賀県,女,0
鳥取県,長崎県,総数,22
鳥取県,長崎県,男,11
鳥取県,長崎県,女,11
鳥取県,熊本県,総数,6
鳥取県,熊本県,男,11
熊本県,鳥取県,女,5
鳥取県,大分県,総数,15
鳥取県,大分県,男,4
鳥取県,大分県,女,11
宮崎県,鳥取県,総数,9
宮崎県,鳥取県,男,10
鳥取県,宮崎県,女,1
鳥取県,鹿児島県,総数,18
鳥取県,鹿児島県,男,3
鳥取県,鹿児島県,女,15
鳥取県,沖縄県,総数,22
鳥取県,沖縄県,男,14
鳥取県,沖縄県,女,8
島根県,岡山県,総数,39
島根県,岡山県,男,5
島根県,岡山県,女,34
島根県,広島県,総数,181
島根県,広島県,男,109
島根県,広島県,女,72
島根県,山口県,総数,83
島根県,山口県,男,50
島根県,山口県,女,33
徳島県,島根県,総数,22
徳島県,島根県,男,12
徳島県,島根県,女,10
島根県,香川県,総数,14
島根県,香川県,男,3
島根県,香川県,女,11
愛媛県,島根県,総数,8
島根県,愛媛県,男,12
愛媛県,島根県,女,20
高知県,島根県,総数,13
高知県,島根県,男,3
高知県,島根県,女,10
島根県,福岡県,総数,156
島根県,福岡県,男,89
島根県,福岡県,女,67
島根県,佐賀県,総数,2
島根県,佐賀県,男,1
島根県,佐賀県,女,1
島根県,長崎県,総数,9
島根県,長崎県,男,4
島根県,長崎県,女,5
島根県,熊本県,総数,5
島根県,熊本県,男,11
熊本県,島根県,女,6
島根県,大分県,総数,35
島根県,大分県,男,13
島根県,大分県,女,22
島根県,宮崎県,総数,5
島根県,宮崎県,男,2
島根県,宮崎県,女,3
島根県,鹿児島県,総数,3
島根県,鹿児島県,男,9
鹿児島県,島根県,女,6
沖縄県,島根県,総数,12
沖縄県,島根県,男,6
沖縄県,島根県,女,6
広島県,岡山県,総数,237
広島県,岡山県,男,110
広島県,岡山県,女,127
岡山県,山口県,総数,30
岡山県,山口県,男,53
山口県,岡山県,女,23
徳島県,岡山県,総数,69
徳島県,岡山県,男,38
徳島県,岡山県,女,31
香川県,岡山県,総数,128
香川県,岡山県,男,52
香川県,岡山県,女,76
愛媛県,岡山県,総数,129
愛媛県,岡山県,男,24
愛媛県,岡山県,女,105
岡山県,高知県,総数,22
岡山県,高知県,男,4
岡山県,高知県,女,18
岡山県,福岡県,総数,251
岡山県,福岡県,男,138
岡山県,福岡県,女,113
佐賀県,岡山県,総数,39
佐賀県,岡山県,男,13
佐賀県,岡山県,女,26
岡山県,長崎県,総数,5
岡山県,長崎県,男,3
岡山県,長崎県,女,2
岡山県,熊本県,総数,21
岡山県,熊本県,男,12
岡山県,熊本県,女,9
大分県,岡山県,総数,5
岡山県,大分県,男,10
大分県,岡山県,女,15
岡山県,宮崎県,総数,36
岡山県,宮崎県,男,3
岡山県,宮崎県,女,33
岡山県,鹿児島県,総数,30
鹿児島県,岡山県,男,13
岡山県,鹿児島県,女,43
岡山県,沖縄県,総数,29
岡山県,沖縄県,男,26
岡山県,沖縄県,女,3
広島県,山口県,総数,33
広島県,山口県,男,105
山口県,広島県,女,72
広島県,徳島県,総数,2
広島県,徳島県,男,18
徳島県,広島県,女,16
香川県,広島県,総数,59
香川県,広島県,男,75
広島県,香川県,女,16
愛媛県,広島県,総数,151
愛媛県,広島県,男,93
愛媛県,広島県,女,58
高知県,広島県,総数,93
高知県,広島県,男,55
高知県,広島県,女,38
広島県,福岡県,総数,801
広島県,福岡県,男,331
広島県,福岡県,女,470
佐賀県,広島県,総数,56
佐賀県,広島県,男,39
佐賀県,広島県,女,17
広島県,長崎県,総数,55
広島県,長崎県,男,48
広島県,長崎県,女,7
広島県,熊本県,総数,83
広島県,熊本県,男,39
広島県,熊本県,女,44
大分県,広島県,総数,39
大分県,広島県,男,25
大分県,広島県,女,14
広島県,宮崎県,総数,34
広島県,宮崎県,男,22
広島県,宮崎県,女,12
鹿児島県,広島県,総数,5
広島県,鹿児島県,男,8
鹿児島県,広島県,女,13
広島県,沖縄県,総数,92
広島県,沖縄県,男,65
広島県,沖縄県,女,27
山口県,徳島県,総数,23
山口県,徳島県,男,21
山口県,徳島県,女,2
香川県,山口県,総数,26
香川県,山口県,男,31
山口県,香川県,女,5
愛媛県,山口県,総数,137
愛媛県,山口県,男,41
愛媛県,山口県,女,96
高知県,山口県,総数,15
高知県,山口県,男,4
高知県,山口県,女,11
山口県,福岡県,総数,1404
山口県,福岡県,男,606
山口県,福岡県,女,798
佐賀県,山口県,総数,23
佐賀県,山口県,男,14
佐賀県,山口県,女,9
長崎県,山口県,総数,116
長崎県,山口県,男,80
長崎県,山口県,女,36
熊本県,山口県,総数,13
熊本県,山口県,男,21
山口県,熊本県,女,8
大分県,山口県,総数,22
大分県,山口県,男,39
山口県,大分県,女,17
宮崎県,山口県,総数,31
宮崎県,山口県,男,34
山口県,宮崎県,女,3
鹿児島県,山口県,総数,27
山口県,鹿児島県,男,22
鹿児島県,山口県,女,49
山口県,沖縄県,総数,33
山口県,沖縄県,男,14
山口県,沖縄県,女,19
徳島県,香川県,総数,191
徳島県,香川県,男,42
徳島県,香川県,女,149
愛媛県,徳島県,総数,47
愛媛県,徳島県,男,25
愛媛県,徳島県,女,22
高知県,徳島県,総数,17
高知県,徳島県,男,14
高知県,徳島県,女,3
徳島県,福岡県,総数,42
徳島県,福岡県,男,26
徳島県,福岡県,女,16
徳島県,佐賀県,総数,10
徳島県,佐賀県,男,0
徳島県,佐賀県,女,10
長崎県,徳島県,総数,2
長崎県,徳島県,男,3
徳島県,長崎県,女,1
徳島県,熊本県,総数,11
徳島県,熊本県,男,7
徳島県,熊本県,女,4
大分県,徳島県,総数,6
大分県,徳島県,男,1
大分県,徳島県,女,5
宮崎県,徳島県,総数,4
徳島県,宮崎県,男,0
宮崎県,徳島県,女,4
鹿児島県,徳島県,総数,6
徳島県,鹿児島県,男,1
鹿児島県,徳島県,女,7
沖縄県,徳島県,総数,1
徳島県,沖縄県,男,2
沖縄県,徳島県,女,3
愛媛県,香川県,総数,230
愛媛県,香川県,男,86
愛媛県,香川県,女,144
高知県,香川県,総数,75
高知県,香川県,男,28
高知県,香川県,女,47
香川県,福岡県,総数,153
香川県,福岡県,男,68
香川県,福岡県,女,85
佐賀県,香川県,総数,9
佐賀県,香川県,男,5
佐賀県,香川県,女,4
香川県,長崎県,総数,17
香川県,長崎県,男,1
香川県,長崎県,女,16
熊本県,香川県,総数,11
熊本県,香川県,男,2
熊本県,香川県,女,9
香川県,大分県,総数,23
香川県,大分県,男,15
香川県,大分県,女,8
香川県,宮崎県,総数,12
香川県,宮崎県,男,7
香川県,宮崎県,女,5
香川県,鹿児島県,総数,32
香川県,鹿児島県,男,27
香川県,鹿児島県,女,5
沖縄県,香川県,総数,19
沖縄県,香川県,男,16
沖縄県,香川県,女,3
愛媛県,高知県,総数,44
愛媛県,高知県,男,65
高知県,愛媛県,女,21
愛媛県,福岡県,総数,260
愛媛県,福岡県,男,138
愛媛県,福岡県,女,122
愛媛県,佐賀県,総数,10
佐賀県,愛媛県,男,1
愛媛県,佐賀県,女,11
長崎県,愛媛県,総数,22
長崎県,愛媛県,男,22
愛媛県,長崎県,女,0
愛媛県,熊本県,総数,54
愛媛県,熊本県,男,15
愛媛県,熊本県,女,39
愛媛県,大分県,総数,54
愛媛県,大分県,男,36
愛媛県,大分県,女,18
愛媛県,宮崎県,総数,11
愛媛県,宮崎県,男,8
愛媛県,宮崎県,女,3
愛媛県,鹿児島県,総数,28
愛媛県,鹿児島県,男,20
愛媛県,鹿児島県,女,8
愛媛県,沖縄県,総数,24
愛媛県,沖縄県,男,11
愛媛県,沖縄県,女,13
高知県,福岡県,総数,118
高知県,福岡県,男,46
高知県,福岡県,女,72
佐賀県,高知県,総数,2
高知県,佐賀県,男,0
佐賀県,高知県,女,2
高知県,長崎県,総数,14
高知県,長崎県,男,15
長崎県,高知県,女,1
高知県,熊本県,総数,6
高知県,熊本県,男,8
熊本県,高知県,女,2
高知県,大分県,総数,16
高知県,大分県,男,6
高知県,大分県,女,10
高知県,宮崎県,総数,3
高知県,宮崎県,男,7
宮崎県,高知県,女,4
高知県,鹿児島県,総数,31
高知県,鹿児島県,男,18
高知県,鹿児島県,女,13
沖縄県,高知県,総数,2
沖縄県,高知県,男,8
高知県,沖縄県,女,6
佐賀県,福岡県,総数,540
佐賀県,福岡県,男,156
佐賀県,福岡県,女,384
長崎県,福岡県,総数,2896
長崎県,福岡県,男,1174
長崎県,福岡県,女,1722
熊本県,福岡県,総数,177
福岡県,熊本県,男,292
熊本県,福岡県,女,469
大分県,福岡県,総数,916
大分県,福岡県,男,207
大分県,福岡県,女,709
宮崎県,福岡県,総数,539
宮崎県,福岡県,男,201
宮崎県,福岡県,女,338
鹿児島県,福岡県,総数,1070
鹿児島県,福岡県,男,476
鹿児島県,福岡県,女,594
沖縄県,福岡県,総数,767
沖縄県,福岡県,男,368
沖縄県,福岡県,女,399
長崎県,佐賀県,総数,342
長崎県,佐賀県,男,210
長崎県,佐賀県,女,132
佐賀県,熊本県,総数,5
熊本県,佐賀県,男,16
佐賀県,熊本県,女,21
大分県,佐賀県,総数,58
大分県,佐賀県,男,27
大分県,佐賀県,女,31
宮崎県,佐賀県,総数,34
宮崎県,佐賀県,男,26
宮崎県,佐賀県,女,8
佐賀県,鹿児島県,総数,39
佐賀県,鹿児島県,男,59
鹿児島県,佐賀県,女,20
沖縄県,佐賀県,総数,83
沖縄県,佐賀県,男,22
沖縄県,佐賀県,女,61
長崎県,熊本県,総数,311
長崎県,熊本県,男,136
長崎県,熊本県,女,175
長崎県,大分県,総数,27
長崎県,大分県,男,49
大分県,長崎県,女,22
長崎県,宮崎県,総数,2
宮崎県,長崎県,男,13
長崎県,宮崎県,女,15
長崎県,鹿児島県,総数,21
長崎県,鹿児島県,男,4
長崎県,鹿児島県,女,17
沖縄県,長崎県,総数,164
沖縄県,長崎県,男,94
沖縄県,長崎県,女,70
大分県,熊本県,総数,158
大分県,熊本県,男,120
大分県,熊本県,女,38
宮崎県,熊本県,総数,296
宮崎県,熊本県,男,125
宮崎県,熊本県,女,171
鹿児島県,熊本県,総数,107
鹿児島県,熊本県,男,28
鹿児島県,熊本県,女,79
沖縄県,熊本県,総数,44
沖縄県,熊本県,男,15
沖縄県,熊本県,女,29
宮崎県,大分県,総数,100
宮崎県,大分県,男,46
宮崎県,大分県,女,54
鹿児島県,大分県,総数,3
鹿児島県,大分県,男,3
大分県,鹿児島県,女,0
沖縄県,大分県,総数,58
沖縄県,大分県,男,41
沖縄県,大分県,女,17
鹿児島県,宮崎県,総数,127
鹿児島県,宮崎県,男,83
鹿児島県,宮崎県,女,44
沖縄県,宮崎県,総数,108
沖縄県,宮崎県,男,52
沖縄県,宮崎県,女,56
沖縄県,鹿児島県,総数,80
沖縄県,鹿児島県,男,63
鹿児島県,沖縄県,女,-17
